skillID,skillTextId,pad1,Icon,Animation,pad2,Power,DamageType,Unk5_0,Damage Delay,Type,TargetType,NumAttacksMin,NumAttacksMax,Chain Delay,XrosType,Unk10_0,SP Cost,SpeedUse,damageRange,alwaysHits,Accuracy,canCrit,critChance,sacrificeHP,knockbackChance,HPabsorb,SPabsorb,comboRate,pad3,StatusType,StatusEffect,StatusChance,SelfStatusType,SelfStatusEffect,SelfStatusChance,UndoStatus,UndoStatusSelf,PrevAttack,Unk15
1,1,0,1,7,0,50,1,150,0,0,4,1,1,8,1,80,0,10000,5,0,100,1,5,0,0,0,0,0,0,0,0,0,0,0,0,0,0,0,0
2,2,0,1,8,0,50,2,100,0,0,4,1,1,5,1,80,0,10000,5,0,100,1,5,0,0,0,0,0,0,0,0,0,0,0,0,0,0,0,0
3,3,0,1,4,0,100,0,100,0,0,4,1,1,5,0,0,0,8000,0,0,100,0,0,0,0,0,0,0,0,0,0,0,0,0,0,0,0,0,0
4,4,0,1,0,0,100,0,100,0,0,4,1,1,5,0,0,0,8000,0,0,100,0,0,0,0,0,0,0,0,0,0,0,0,0,0,0,0,0,0
5,5,0,1,0,0,100,0,100,0,0,4,1,1,5,0,0,0,10000,0,0,100,0,0,0,0,0,0,0,0,0,0,0,0,0,0,0,0,0,0
6,6,0,1,0,0,100,0,100,0,0,4,1,1,5,0,0,0,10000,0,0,100,0,0,0,0,0,0,0,0,0,0,0,0,0,0,0,0,0,0
7,7,0,1,0,0,100,0,100,0,0,4,1,1,5,0,0,0,10000,0,0,100,0,0,0,0,0,0,0,0,0,0,0,0,0,0,0,0,0,0
8,8,0,1,0,0,100,0,100,0,0,4,1,1,5,0,0,0,10000,0,0,100,0,0,0,0,0,0,0,0,0,0,0,0,0,0,0,0,0,0
9,9,0,1,0,0,100,0,100,0,0,4,1,1,5,0,0,0,10000,0,0,100,0,0,0,0,0,0,0,0,0,0,0,0,0,0,0,0,0,0
10,10,0,1,0,0,100,0,100,0,0,4,1,1,5,0,0,0,10000,0,0,100,0,0,0,0,0,0,0,0,0,0,0,0,0,0,0,0,0,0
19,19,0,1,7,0,100,1,150,0,0,4,1,1,8,0,0,0,10000,5,0,100,1,5,0,0,0,0,0,0,0,0,0,0,0,0,0,0,0,0
20,20,0,1,0,0,100,0,100,0,0,4,1,1,5,0,0,0,10000,0,0,100,0,0,0,0,0,0,0,0,0,0,0,0,0,0,0,0,0,0
21,21,0,1,0,0,100,0,100,0,0,4,1,1,5,0,0,0,10000,0,0,100,0,0,0,0,0,0,0,0,0,0,0,0,0,0,0,0,0,0
22,22,0,1,0,0,100,0,100,0,0,4,1,1,5,0,0,0,10000,0,0,100,0,0,0,0,0,0,0,0,0,0,0,0,0,0,0,0,0,0
1001,1001,0,2,9,0,70,1,150,0,1,4,1,1,5,2,50,5,12000,5,0,100,1,5,0,0,0,0,0,0,0,0,0,0,0,0,0,0,0,0
1002,1002,0,2,9,0,35,1,150,0,1,5,1,1,5,2,50,5,12000,5,0,100,1,5,0,0,0,0,0,0,0,0,0,9,10,10,0,0,0,0
1003,1003,0,6,9,0,60,1,150,0,5,4,1,1,5,2,50,5,12000,5,0,100,1,5,0,0,0,0,0,0,0,0,0,10,10,10,0,0,0,0
1004,1004,0,1,9,0,100,7,100,0,0,4,1,1,5,2,50,5,12000,5,0,100,0,0,0,0,0,0,0,0,0,0,0,11,10,100,0,0,0,0
1005,1005,0,5,9,0,30,2,150,0,4,4,2,2,5,2,50,5,12000,5,0,100,1,5,0,0,0,0,0,0,0,0,0,0,0,0,0,0,0,0
1006,1006,0,3,9,0,55,2,150,0,2,4,1,1,5,2,50,5,12000,5,0,100,1,5,0,0,0,0,0,0,4,0,10,0,0,0,0,0,0,0
1007,1007,0,1,9,0,20,1,150,0,0,5,2,2,5,2,50,5,12000,5,0,100,1,5,0,0,0,0,0,0,0,0,0,0,0,0,0,0,0,0
1008,1008,0,5,9,0,65,1,150,0,4,4,1,1,5,2,50,5,12000,5,0,100,1,5,0,0,0,0,0,0,3,0,15,0,0,0,0,0,0,0
1009,1009,0,2,9,0,65,1,150,0,1,4,1,1,5,2,50,5,12000,5,0,100,1,5,0,0,0,0,0,0,17,10,10,0,0,0,0,0,0,0
1010,1010,0,6,9,0,70,1,150,0,5,4,1,1,5,2,50,5,12000,5,0,100,1,5,0,0,0,0,0,0,0,0,0,0,0,0,0,0,0,0
1011,1011,0,8,9,0,65,2,150,0,7,4,1,1,5,2,50,5,12000,5,0,100,1,5,0,0,0,0,0,0,0,0,0,0,0,0,0,0,0,0
1012,1012,0,9,9,0,75,1,150,0,8,4,1,1,5,2,50,5,12000,5,0,100,1,5,0,0,0,0,0,0,0,0,0,0,0,0,0,0,0,0
1013,1013,0,6,9,0,65,1,150,0,5,4,1,1,5,2,50,5,12000,5,0,100,1,5,0,0,0,0,0,0,0,0,0,10,10,10,0,0,0,0
1014,1014,0,2,9,0,65,1,150,0,1,4,1,1,5,2,50,5,12000,5,0,100,1,5,0,0,0,0,0,0,5,0,10,0,0,0,0,0,0,0
1015,1015,0,3,9,0,15,1,150,0,2,5,1,3,5,2,50,5,12000,5,0,100,1,5,0,0,0,0,0,0,0,0,0,0,0,0,0,0,0,0
1016,1016,0,3,9,0,25,2,150,0,2,5,1,1,5,2,50,5,12000,5,0,100,1,5,0,0,0,0,0,0,0,0,0,0,0,0,0,0,0,0
1017,1017,0,7,9,0,20,2,150,0,6,5,1,1,5,2,50,5,12000,5,0,100,1,5,0,0,0,0,0,0,0,0,0,0,0,0,0,0,0,0
1018,1018,0,5,9,0,60,2,150,0,4,4,1,1,5,2,50,5,12000,5,0,100,1,5,0,0,0,0,0,0,0,0,0,0,0,0,0,0,0,0
1019,1019,0,2,9,0,60,1,150,0,1,4,1,1,5,2,50,5,12000,5,0,100,1,5,0,0,0,0,0,0,18,10,10,0,0,0,0,0,0,0
1020,1020,0,1,9,0,70,1,150,0,0,4,1,1,5,2,50,5,12000,5,0,100,1,5,0,0,0,0,0,0,0,0,0,10,10,30,0,0,0,0
1021,1021,0,9,9,0,70,1,150,0,8,4,1,1,5,2,50,5,12000,5,1,100,1,5,0,0,0,0,0,0,0,0,0,0,0,0,0,0,0,0
1022,1022,0,7,9,0,50,2,150,0,6,4,1,1,5,2,50,5,12000,5,0,100,1,5,0,0,0,0,0,0,0,0,0,12,10,10,0,0,0,0
1023,1023,0,6,9,0,20,1,150,0,5,4,5,5,5,2,50,5,12000,5,0,80,1,5,0,0,0,0,0,0,0,0,0,0,0,0,0,0,0,0
1024,1024,0,4,9,0,65,1,150,0,3,4,1,1,5,2,50,5,12000,5,0,100,1,5,0,0,0,0,0,0,1,0,10,0,0,0,0,0,0,0
1025,1025,0,9,9,0,20,1,150,0,8,5,1,1,5,2,50,5,12000,5,0,100,1,5,0,0,5,0,0,0,0,0,0,0,0,0,0,0,0,0
1026,1026,0,2,9,0,55,2,150,0,1,4,1,1,5,2,50,5,12000,5,0,100,1,5,0,0,0,0,0,0,0,0,0,11,10,10,0,0,0,0
1027,1027,0,7,9,0,35,1,150,0,6,5,1,1,5,2,50,5,12000,5,0,100,1,5,0,0,0,0,0,0,0,0,0,0,0,0,0,0,0,0
1028,1028,0,1,9,0,75,1,150,0,0,4,1,1,5,2,50,5,12000,5,0,100,1,5,0,0,0,0,0,0,0,0,0,0,0,0,0,0,0,0
1029,1029,0,8,9,0,100,4,100,0,7,4,1,1,5,2,50,10,12000,5,0,100,1,5,0,0,0,0,0,0,3,0,10,0,0,0,0,0,0,0
1030,1030,0,5,9,0,55,2,150,0,4,4,1,1,5,2,50,5,12000,5,0,100,1,5,0,0,0,0,0,0,3,0,10,0,0,0,0,0,0,0
1031,1031,0,7,9,0,100,3,100,0,6,4,1,1,5,2,50,10,12000,5,0,100,1,5,0,0,0,0,0,0,0,0,0,0,0,0,0,0,0,0
1032,1032,0,4,9,0,15,1,150,0,3,5,2,2,5,2,50,5,12000,5,0,100,1,5,0,0,0,0,0,0,0,0,0,0,0,0,0,0,0,0
1033,1033,0,8,9,0,100,4,100,0,7,5,1,1,5,2,50,30,14000,5,0,100,1,5,0,0,0,0,0,0,0,0,0,0,0,0,0,0,0,0
1034,1034,0,4,9,0,25,2,150,0,3,5,1,1,5,2,50,5,12000,5,0,100,1,5,0,0,0,0,0,0,0,0,0,0,0,0,0,0,0,0
1035,1035,0,3,10,0,60,2,150,0,2,4,1,1,5,2,50,5,12000,5,0,100,1,5,0,0,0,0,0,0,0,0,0,0,0,0,0,0,0,0
1036,1036,0,4,9,0,65,1,150,0,3,4,1,1,5,2,50,5,12000,5,0,100,1,5,0,0,0,0,0,0,19,10,30,0,0,0,0,0,0,0
1037,1037,0,7,9,0,85,1,150,0,6,4,1,1,5,2,50,10,12000,5,0,100,1,5,0,0,0,0,0,0,5,0,15,0,0,0,0,0,0,0
1038,1038,0,6,9,0,85,1,150,0,5,4,1,1,5,2,50,10,12000,5,0,100,1,5,0,0,0,0,0,0,5,0,15,0,0,0,0,0,0,0
1039,1039,0,2,9,0,90,1,150,0,1,4,1,1,5,2,50,10,12000,5,1,100,1,5,0,0,0,0,0,0,0,0,0,0,0,0,0,0,0,0
1040,1040,0,5,9,0,75,2,150,0,4,4,1,1,5,2,50,10,12000,5,0,100,1,5,0,0,0,0,0,0,3,0,10,0,0,0,0,0,0,0
1041,1041,0,4,9,0,75,1,150,0,3,4,1,1,5,2,50,10,12000,5,0,100,1,5,0,0,20,0,0,0,0,0,0,0,0,0,0,0,0,0
1042,1042,0,8,9,0,95,1,150,0,7,4,1,1,5,2,50,10,12000,5,0,100,1,5,0,0,0,0,0,0,0,0,0,0,0,0,0,0,0,0
1043,1043,0,8,9,0,80,1,150,0,7,4,1,1,5,2,50,10,12000,5,0,100,1,5,0,0,0,0,0,0,0,0,0,9 11,10 10,10 10,0,0,0,0
1044,1044,0,9,9,0,90,1,150,0,8,4,1,1,5,2,50,10,12000,5,0,100,1,5,0,0,0,0,0,0,0,0,0,0,0,0,0,0,0,0
1045,1045,0,2,9,0,40,1,150,0,1,5,1,1,5,2,50,10,12000,5,1,100,1,5,0,0,0,0,0,0,0,0,0,0,0,0,0,0,0,0
1046,1046,0,7,9,0,90,1,150,0,6,4,1,1,5,2,50,10,12000,5,0,100,1,5,0,0,0,0,0,0,0,0,0,0,0,0,0,0,0,0
1047,1047,0,5,9,0,80,2,150,0,4,4,1,1,5,2,50,10,12000,5,0,100,1,5,0,0,0,0,0,0,0,0,0,0,0,0,0,0,0,0
1048,1048,0,6,9,0,75,1,150,0,5,4,1,1,5,2,50,10,12000,5,0,100,1,5,0,0,0,0,0,0,18,10,30,0,0,0,0,0,0,0
1049,1049,0,1,9,0,90,1,150,0,0,4,1,1,5,2,50,10,12000,5,0,100,1,5,0,0,0,0,0,0,5,0,10,0,0,0,0,0,0,0
1050,1050,0,2,9,0,85,1,150,0,1,4,1,1,5,2,50,10,12000,5,0,100,1,5,0,0,0,0,0,0,0,0,0,12,10,10,0,0,0,0
1051,1051,0,2,9,0,30,2,150,0,1,5,1,1,5,2,50,10,12000,5,0,100,1,5,0,0,0,0,0,0,0,0,0,0,0,0,0,0,0,0
1052,1052,0,2,9,0,85,1,150,0,1,4,1,1,5,2,50,10,12000,5,0,100,1,5,0,0,0,0,0,0,0,0,0,9,10,10,0,0,0,0
1053,1053,0,9,9,0,90,1,150,0,8,4,1,1,5,2,50,10,12000,5,0,100,1,5,0,0,0,0,0,0,8,0,5,0,0,0,0,0,0,0
1054,1054,0,2,9,0,95,1,150,0,1,4,1,1,5,2,50,10,12000,5,0,100,1,5,0,0,0,0,0,0,0,0,0,0,0,0,0,0,0,0
1055,1055,0,1,9,0,150,7,100,0,0,4,1,1,5,2,50,10,12000,5,0,100,0,0,0,0,0,0,0,0,19,10,30,0,0,0,0,0,0,0
1056,1056,0,1,9,0,100,3,100,0,0,4,1,1,5,2,50,20,12000,5,0,100,1,5,0,0,0,0,0,0,0,0,0,0,0,0,0,0,0,0
1057,1057,0,1,9,0,100,4,100,0,0,4,1,1,5,2,50,20,12000,5,0,100,1,5,0,0,0,0,0,0,0,0,0,0,0,0,0,0,0,0
1058,1058,0,8,9,0,10,1,150,0,7,5,2,2,5,2,50,10,12000,5,0,100,1,5,0,0,0,0,0,0,8,0,1,0,0,0,0,0,0,0
1059,1059,0,2,9,0,85,1,150,0,1,4,1,1,5,2,50,10,12000,5,0,100,1,5,0,0,0,0,0,0,17,10,10,0,0,0,0,0,0,0
1060,1060,0,8,9,0,80,2,150,0,7,4,1,1,5,2,50,10,12000,5,0,100,1,5,0,0,0,0,0,0,0,0,0,0,0,0,0,0,0,0
1061,1061,0,3,9,0,75,2,150,0,2,4,1,1,5,2,50,10,12000,5,0,100,1,5,0,0,0,0,0,0,19,10,10,0,0,0,0,0,0,0
1062,1062,0,2,9,0,45,1,150,0,1,5,1,1,5,2,50,10,12000,5,0,100,1,5,0,0,0,0,0,0,0,0,0,0,0,0,0,0,0,0
1063,1063,0,6,9,0,75,1,150,0,5,4,1,1,5,2,50,10,12000,5,0,100,1,5,0,0,0,0,0,0,19,10,30,0,0,0,0,0,0,0
1064,1064,0,1,9,0,40,1,150,0,0,5,1,1,5,2,50,10,12000,5,0,90,1,15,0,0,0,0,0,0,0,0,0,0,0,0,0,0,0,0
1065,1065,0,4,9,0,100,3,100,0,3,4,1,1,5,2,50,20,12000,5,0,100,1,10,0,0,0,0,0,0,0,0,0,0,0,0,0,0,0,0
1066,1066,0,3,9,0,30,2,150,0,2,5,1,1,5,2,50,10,12000,5,0,100,1,5,0,0,0,0,0,0,0,0,0,0,0,0,0,0,0,0
1067,1067,0,2,9,0,200,1,150,0,1,4,1,1,5,2,50,10,12000,5,0,100,1,5,0,0,0,0,0,0,0,0,0,28,0,100,0,0,0,0
1068,1068,0,2,9,0,90,1,150,0,1,4,1,1,5,2,50,10,12000,5,0,100,1,10,0,0,0,0,0,0,0,0,0,0,0,0,0,0,0,0
1069,1069,0,1,9,0,150,7,100,0,0,4,1,1,5,2,50,10,12000,5,0,100,0,0,0,0,0,0,0,0,2,0,60,0,0,0,0,0,0,0
1070,1070,0,1,9,0,200,7,100,0,0,4,1,1,5,2,50,10,12000,5,0,100,0,0,0,0,20,0,0,0,0,0,0,0,0,0,0,0,0,0
1071,1071,0,4,9,0,40,1,150,0,3,5,1,1,5,2,50,10,12000,5,0,100,1,5,0,0,0,0,0,0,3,0,5,0,0,0,0,0,0,0
1072,1072,0,1,9,0,90,1,150,0,0,4,1,1,5,2,50,10,12000,5,0,100,1,5,0,0,0,0,0,0,0,0,0,9,10,30,0,0,0,0
1073,1073,0,6,9,0,80,1,150,0,5,4,1,1,5,2,50,10,12000,5,0,100,1,5,0,0,0,0,0,0,17,10,30,0,0,0,0,0,0,0
1074,1074,0,6,9,0,75,1,150,0,5,4,1,1,5,2,50,10,12000,5,0,100,1,5,0,0,0,0,0,0,16,10,30,0,0,0,0,0,0,0
1075,1075,0,2,9,0,25,2,150,0,1,5,1,1,5,2,50,10,12000,5,0,100,1,5,0,0,0,0,0,0,0,0,0,12,10,10,0,0,0,0
1076,1076,0,9,9,0,10,5,100,0,8,4,1,1,5,2,50,10,12000,5,0,100,0,0,0,0,0,0,0,0,0,0,0,0,0,0,0,0,0,0
1077,1077,0,2,9,0,110,1,150,0,1,4,1,1,5,2,50,10,12000,5,0,100,1,5,5,0,0,0,0,0,0,0,0,0,0,0,0,0,0,0
1078,1078,0,6,9,0,80,1,150,0,5,4,1,1,5,2,50,10,12000,5,0,100,1,5,0,100,0,0,0,0,0,0,0,0,0,0,0,0,0,0
1079,1079,0,1,9,0,150,7,100,0,0,4,1,1,5,2,50,10,12000,5,0,100,0,0,0,0,0,0,0,0,2,0,60,0,0,0,0,0,0,0
1080,1080,0,6,9,0,20,2,150,0,5,5,1,1,5,2,50,10,12000,5,0,100,1,5,0,0,0,0,0,0,19,10,30,0,0,0,0,0,0,0
1081,1081,0,7,9,0,30,1,150,0,6,4,3,3,5,2,50,10,12000,5,0,100,1,5,0,0,0,0,0,0,0,0,0,0,0,0,0,0,0,0
1082,1082,0,2,9,0,80,1,150,0,1,4,1,1,5,2,50,10,12000,5,0,100,1,5,0,0,0,0,0,0,0,0,0,9,10,30,0,0,0,0
1083,1083,0,3,9,0,80,1,150,0,2,4,1,1,5,2,50,10,12000,5,0,100,1,5,0,0,0,0,0,0,5,0,10,0,0,0,0,0,0,0
1084,1084,0,6,9,0,95,1,150,0,5,4,1,1,5,2,50,10,12000,5,0,100,1,5,0,0,0,0,0,0,0,0,0,0,0,0,0,0,0,0
1085,1085,0,1,9,0,30,1,150,0,0,4,2,4,5,2,50,10,12000,5,0,100,1,5,0,0,0,0,0,0,0,0,0,0,0,0,0,0,0,0
1086,1086,0,5,9,0,25,1,150,0,4,4,4,4,5,2,50,10,12000,5,0,100,1,5,0,0,0,0,0,0,0,0,0,0,0,0,0,0,0,0
1087,1087,0,5,9,0,180,4,100,0,4,4,1,1,5,2,50,30,14000,5,0,100,1,5,0,0,0,0,0,0,0,0,0,0,0,0,0,0,0,0
1088,1088,0,7,9,0,60,1,150,0,6,4,2,2,5,2,50,15,12000,5,0,100,1,5,0,0,0,0,0,0,0,0,0,0,0,0,0,0,0,0
1089,1089,0,5,9,0,110,1,150,0,4,4,1,1,5,2,50,15,12000,5,0,100,1,20,0,0,0,0,0,0,0,0,0,0,0,0,0,0,0,0
1090,1090,0,1,10,0,75,2,150,0,0,5,1,1,5,2,50,15,12000,5,0,100,1,5,0,0,0,0,0,0,0,0,0,0,0,0,0,0,0,0
1091,1091,0,2,9,0,30,1,150,0,1,4,4,4,5,2,50,15,13000,5,0,100,1,5,0,0,0,0,0,0,17,10,50,0,0,0,0,0,0,0
1092,1092,0,9,9,0,65,2,150,0,8,5,1,1,5,2,50,15,12000,5,0,100,1,5,0,0,15,0,0,0,0,0,0,0,0,0,0,0,0,0
1093,9004,0,7,9,0,250,1,150,0,6,4,1,1,5,2,50,15,12000,5,0,100,1,5,50,0,0,0,0,0,0,0,0,0,0,0,0,0,0,0
1094,1094,0,9,9,0,100,4,100,0,8,5,1,1,5,2,50,30,14000,5,0,100,1,5,0,0,0,0,0,0,3,0,20,0,0,0,0,0,0,0
1095,1095,0,8,9,0,100,2,150,0,7,4,1,1,5,2,50,15,12000,5,1,100,1,5,0,0,0,0,0,0,0,0,0,0,0,0,9 10 11 12,0,0,0
1096,1096,0,1,9,0,180,3,100,0,0,4,1,1,5,2,50,30,14000,5,0,100,1,5,0,0,0,0,0,0,0,0,0,0,0,0,0,0,0,0
1097,1097,0,2,9,0,75,2,150,0,1,5,1,1,5,2,50,15,12000,5,0,100,1,5,0,0,0,0,0,0,0,0,0,0,0,0,0,0,0,0
1098,1098,0,2,9,0,80,1,150,0,1,5,1,1,5,2,50,15,12000,5,0,100,1,5,0,0,0,0,0,0,0,0,0,0,0,0,0,0,0,0
1099,1099,0,5,9,0,180,3,100,0,4,4,1,1,5,2,50,30,14000,5,0,100,1,5,0,0,0,0,0,0,0,0,0,0,0,0,0,0,0,0
1100,1100,0,7,9,0,55,1,150,0,6,4,1,3,5,2,50,15,12000,5,0,100,1,5,0,0,0,0,0,0,5,0,40,0,0,0,0,0,0,0
1101,1101,0,1,9,0,115,1,150,0,0,4,1,1,5,2,50,15,12000,5,0,100,1,5,0,0,0,0,0,0,8,0,10,0,0,0,0,0,0,0
1102,1102,0,8,9,0,75,2,150,0,7,5,1,1,5,2,50,15,12000,5,0,100,1,5,0,0,0,0,0,0,0,0,0,0,0,0,0,0,0,0
1103,1103,0,4,9,0,80,1,150,0,3,5,1,1,5,2,50,15,12000,5,0,100,1,5,0,0,0,0,0,0,0,0,0,0,0,0,0,0,0,0
1104,1104,0,7,9,0,110,2,150,0,6,4,1,1,5,2,50,15,12000,5,0,100,1,5,0,0,0,0,0,0,0,0,0,0,0,0,0,0,0,0
1105,1105,0,8,9,0,115,1,150,0,7,4,1,1,5,2,50,15,12000,5,0,100,1,5,0,0,0,0,0,0,0,0,0,0,0,0,0,0,0,0
1106,1106,0,2,9,0,110,1,150,0,1,4,1,1,5,2,50,15,12000,5,0,100,1,5,0,0,0,0,0,0,17,10,50,0,0,0,0,0,0,0
1107,1107,0,5,9,0,115,1,150,0,4,4,1,1,5,2,50,15,12000,5,0,100,1,5,0,0,0,0,0,0,0,0,0,0,0,0,0,0,0,0
1108,1108,0,9,9,0,110,2,150,0,8,4,1,1,5,2,50,15,12000,5,0,100,1,5,0,0,0,0,0,0,0,0,0,0,0,0,0,0,0,0
1109,1109,0,7,9,0,40,1,150,0,6,4,3,3,5,2,50,15,12000,5,0,100,1,5,0,0,0,0,0,0,0,0,0,0,0,0,0,0,0,0
1110,1110,0,9,9,0,15,5,100,0,8,4,1,1,5,2,50,15,12000,5,0,100,0,0,0,0,0,0,0,0,4,0,40,0,0,0,0,0,0,0
1111,1111,0,2,9,0,110,1,150,0,1,4,1,1,5,2,50,15,12000,5,0,100,1,5,0,0,0,0,0,0,0,0,0,10,10,100,0,0,0,0
1112,1112,0,1,9,0,100,4,100,0,0,5,1,1,5,2,50,30,14000,5,0,100,1,5,0,0,0,0,0,0,18,20,30,0,0,0,0,0,0,0
1113,1113,0,6,9,0,115,1,150,0,5,4,1,1,5,2,50,15,12000,5,0,100,1,5,0,0,0,0,0,0,0,0,0,0,0,0,0,0,0,0
1114,1114,0,1,9,0,0,1,150,0,0,4,1,1,5,2,50,15,12000,0,0,30,0,0,0,0,0,0,0,0,8,0,100,0,0,0,0,0,0,0
1115,1115,0,2,9,0,80,2,150,0,1,4,1,1,5,2,50,15,12000,5,0,100,1,5,0,0,0,0,0,0,16 17 18 19,10 10 10 10,30 30 30 30,0,0,0,0,0,0,0
1116,1116,0,8,9,0,40,1,150,0,7,5,2,2,5,2,50,15,12000,5,0,100,1,5,0,0,0,0,0,0,0,0,0,0,0,0,0,0,0,0
1117,1117,0,3,9,0,110,1,150,0,2,4,1,1,5,2,50,15,12000,5,0,100,1,5,0,0,0,0,0,0,5,0,40,0,0,0,0,0,0,0
1118,1118,0,1,9,0,100,1,150,0,0,4,1,1,5,2,50,15,12000,5,0,100,1,5,0,0,0,0,0,0,18,10,100,0,0,0,0,0,0,0
1119,1119,0,2,9,0,110,2,150,0,1,4,1,1,5,2,50,15,12000,5,0,100,1,5,0,0,0,0,0,0,0,0,0,0,0,0,0,0,0,0
1120,1120,0,9,9,0,110,1,150,0,8,4,1,1,5,2,50,15,12000,5,0,100,1,5,0,0,0,0,0,0,1,0,80,0,0,0,0,0,0,0
1121,1121,0,3,9,0,100,1,150,0,2,4,1,1,5,2,50,15,12000,5,0,100,1,5,0,0,0,0,0,0,0,0,0,11,10,100,0,0,0,0
1122,1122,0,9,9,0,95,2,150,0,8,4,1,1,5,2,50,15,12000,5,0,100,1,5,0,0,0,0,0,0,6,0,40,0,0,0,0,0,0,0
1123,1123,0,3,9,0,75,2,150,0,2,5,1,1,5,2,50,15,12000,5,0,100,1,5,0,0,0,0,0,0,0,0,0,0,0,0,0,0,0,0
1124,1124,0,8,9,0,100,2,150,0,7,4,1,1,5,2,50,15,12000,5,0,100,1,5,0,0,0,0,0,0,8,0,10,0,0,0,0,0,0,0
1125,1125,0,1,9,0,115,1,150,0,0,4,1,1,5,2,50,15,12000,5,0,100,1,5,0,0,0,0,0,0,5,0,40,0,0,0,0,0,0,0
1126,1126,0,2,9,0,110,1,150,0,1,4,1,1,5,2,50,15,12000,5,1,100,1,5,0,0,0,0,0,0,0,0,0,0,0,0,0,0,0,0
1127,1127,0,5,9,0,105,2,150,0,4,4,1,1,5,2,50,15,12000,5,0,100,1,5,0,0,0,0,0,0,3,0,40,0,0,0,0,0,0,0
1128,1128,0,2,9,0,110,1,150,0,1,4,1,1,5,2,50,15,12000,5,0,100,1,20,0,0,0,0,0,0,0,0,0,0,0,0,0,0,0,0
1129,1129,0,5,9,0,250,1,150,0,4,4,1,1,5,2,50,15,12000,5,0,100,1,5,0,0,0,0,0,0,0,0,0,28,0,100,0,0,0,0
1130,1130,0,2,9,0,115,1,150,0,1,4,1,1,5,2,50,15,12000,5,0,100,1,5,0,0,0,0,0,0,0,0,0,0,0,0,0,0,0,0
1131,1131,0,11,10,0,0,0,100,0,1,1,1,1,5,0,0,10,12000,5,1,100,0,0,0,0,0,0,0,0,0,0,0,20,0,100,0,0,0,0
1132,1132,0,5,9,0,100,3,100,0,4,4,1,1,5,2,50,30,13000,5,0,100,1,5,0,0,0,0,0,0,0,0,0,10,10,100,0,0,0,0
1133,1133,0,5,9,0,110,2,150,0,4,4,1,1,5,2,50,15,12000,5,1,100,1,5,0,0,0,0,0,0,0,0,0,0,0,0,0,0,0,0
1134,1134,0,10,9,0,35,8,10,0,0,2,1,1,5,3,80,20,12000,5,1,100,0,0,0,0,0,0,0,0,9 10 11,10 10 10,100 100 100,0,0,0,0,0,0,0
1135,1135,0,8,9,0,110,2,150,0,7,4,1,1,5,2,50,15,12000,5,0,100,1,5,0,0,0,0,0,0,0,0,0,0,0,0,0,0,0,0
1136,1136,0,2,9,0,40,1,150,0,1,4,3,3,5,2,50,15,12000,5,0,100,1,5,0,0,0,0,0,0,0,0,0,0,0,0,0,0,0,0
1137,1137,0,4,9,0,60,2,150,0,3,5,1,1,5,2,50,15,12000,5,0,100,1,5,0,0,0,0,0,0,1,0,40,0,0,0,0,0,0,0
1138,1138,0,5,9,0,90,2,150,0,4,4,1,1,5,2,50,15,12000,5,0,100,1,5,0,0,0,0,0,0,0,0,0,9 10 11 12,10 10 10 10,10 10 10 10,0,0,0,0
1139,1139,0,4,9,0,105,2,150,0,3,4,1,1,5,2,50,15,12000,5,0,100,1,5,0,0,0,0,0,0,3,0,50,0,0,0,0,0,0,0
1140,1140,0,1,9,0,130,2,150,0,0,4,1,1,5,2,50,25,12000,5,0,100,1,5,0,0,0,0,0,0,1 2 3 4 5 6 8,0 0 0 0 0 0 0,10 10 10 10 10 10 5,0,0,0,0,0,0,0
1141,1141,0,9,9,0,35,2,150,0,8,5,2,2,5,2,50,15,12000,5,0,100,1,5,0,0,0,0,0,0,0,0,0,0,0,0,0,0,0,0
1142,1142,0,1,9,0,120,1,150,0,0,4,1,1,5,2,50,15,12000,5,0,100,1,5,0,0,0,0,0,0,0,0,0,0,0,0,0,0,0,0
1143,1143,0,1,9,0,20,5,100,0,0,5,1,1,5,2,50,15,12000,5,0,100,0,0,10,0,0,0,0,0,0,0,0,0,0,0,0,0,0,0
1144,9002,0,8,9,0,150,1,150,0,7,4,1,1,5,2,50,25,12000,5,0,100,1,5,0,0,0,0,0,0,0,0,0,0,0,0,0,0,0,0
1145,1145,0,8,9,0,100,1,150,0,7,5,1,1,5,2,50,25,12000,5,1,100,1,5,0,0,0,0,0,0,0,0,0,12,10,100,0,0,0,0
1146,1146,0,5,9,0,115,2,150,0,4,4,1,1,5,2,50,20,12000,5,0,100,1,5,0,0,0,0,0,0,2,0,50,0,0,0,0,0,0,0
1147,1147,0,9,9,0,95,2,150,0,8,5,1,1,5,2,50,20,13000,5,0,100,1,5,0,0,0,0,0,0,0,0,0,0,0,0,0,0,0,0
1148,1148,0,8,9,0,150,1,150,0,7,4,1,1,5,2,50,20,12000,5,0,100,1,5,0,0,0,0,0,0,0,0,0,0,0,0,0,0,0,0
1149,1149,0,3,9,0,125,1,150,0,2,4,1,1,5,2,50,20,12000,5,0,100,1,5,0,0,0,0,0,0,5,0,40,0,0,0,0,0,0,0
1150,1150,0,9,9,0,135,1,150,0,8,4,1,1,5,2,50,20,12000,5,0,100,1,5,0,0,0,0,0,0,1,0,50,0,0,0,0,0,0,0
1151,1151,0,2,9,0,90,1,150,0,1,5,1,1,5,2,50,20,12000,5,0,100,1,5,0,0,0,0,0,0,0,0,0,9,20,30,0,0,0,0
1152,1152,0,5,9,0,145,1,150,0,4,4,1,1,5,2,50,25,12000,5,0,100,1,5,0,0,0,0,0,0,0,0,0,0,0,0,0,0,0,0
1153,1153,0,8,9,0,120,2,150,0,7,4,1,1,5,2,50,20,12000,5,0,100,1,5,0,0,0,0,0,0,0,0,0,11,20,30,0,0,0,0
1154,1154,0,2,9,0,70,1,150,0,1,4,2,2,5,2,50,20,12000,5,0,100,1,5,0,0,0,0,0,0,0,0,0,0,0,0,0,0,0,0
1155,1155,0,9,9,0,140,1,150,0,8,4,1,1,5,2,50,25,12000,5,0,100,1,5,0,0,0,0,0,0,0,0,0,0,0,0,0,0,0,0
1156,1156,0,2,9,0,35,1,150,0,1,4,4,4,5,2,50,25,12000,5,0,100,1,5,0,0,0,0,0,0,0,0,0,0,0,0,0,0,0,0
1157,1157,0,9,9,0,70,2,150,0,8,5,1,1,5,2,50,20,12000,5,1,100,1,5,0,0,0,0,0,0,0,0,0,0,0,0,13 14 15,0,0,0
1158,1158,0,4,9,0,180,3,100,0,3,4,1,1,5,2,50,35,15000,5,0,100,1,20,0,0,0,0,0,0,0,0,0,0,0,0,0,0,0,0
1159,1159,0,6,9,0,85,2,150,0,5,5,1,1,5,2,50,20,12000,5,0,100,1,5,0,0,0,0,0,0,0,0,0,0,0,0,0,0,0,0
1160,1160,0,1,9,0,35,1,150,0,0,5,3,3,5,2,50,25,12000,5,0,100,1,5,0,0,0,0,0,0,0,0,0,0,0,0,0,0,0,0
1161,1161,0,8,9,0,90,2,150,0,7,5,1,1,5,2,50,20,12000,5,0,100,1,20,0,0,0,0,0,0,0,0,0,0,0,0,0,0,0,0
1162,1162,0,6,9,0,65,1,150,0,5,4,2,2,5,2,50,20,12000,5,0,100,1,5,0,0,0,0,0,0,0,0,0,0,0,0,0,0,0,0
1163,1163,0,8,9,0,70,2,150,0,7,5,1,1,5,2,50,20,12000,5,0,100,1,5,0,0,0,0,0,0,0,0,0,0,0,0,9 10 11 12,0,0,0
1164,1164,0,2,9,0,130,1,150,0,1,4,1,1,5,2,50,20,12000,5,0,100,1,5,0,0,0,0,0,0,0,0,0,9,10,100,0,0,0,0
1165,1165,0,1,9,0,130,1,150,0,0,4,1,1,5,2,50,20,12000,5,0,100,1,5,0,0,0,0,0,0,0,0,0,9,50,5,0,0,0,0
1166,1166,0,8,9,0,120,2,150,0,7,4,1,1,5,2,50,25,12000,5,0,100,1,5,0,0,0,0,0,0,0,0,0,12,10,100,0,0,0,0
1167,1167,0,8,9,0,15,2,150,0,7,5,7,7,5,2,50,20,12000,5,0,100,1,5,0,0,0,0,0,0,0,0,0,0,0,0,0,0,0,0
1168,1168,0,2,9,0,50,1,150,0,1,5,2,2,5,2,50,20,12000,5,0,100,1,5,0,0,0,0,0,0,0,0,0,0,0,0,0,0,0,0
1169,1169,0,5,9,0,20,1,150,0,4,4,6,6,5,2,50,20,12000,5,0,100,1,20,0,0,0,0,0,0,0,0,0,0,0,0,0,0,0,0
1170,1170,0,6,9,0,180,3,100,0,5,4,1,1,5,2,50,30,14000,5,0,100,1,5,0,0,0,0,0,0,0,0,0,0,0,0,0,0,0,0
1171,1171,0,2,9,0,80,1,150,0,1,4,3,3,5,2,50,20,12000,5,0,100,1,5,0,0,0,0,0,0,0,0,0,28,0,100,0,0,0,0
1172,1172,0,2,9,0,90,2,150,0,1,5,1,1,5,2,50,25,13000,5,0,100,1,5,0,0,0,0,0,0,0,0,0,0,0,0,0,0,0,0
1173,1173,0,8,9,0,140,1,150,0,7,4,1,1,5,2,50,25,12000,5,0,100,1,5,0,0,0,0,0,0,0,0,0,10,10,50,0,0,0,0
1174,1174,0,7,9,0,110,1,150,0,6,5,1,1,5,2,50,25,12000,5,0,100,1,5,20,0,0,0,0,0,0,0,0,0,0,0,0,0,0,0
1175,1175,0,8,9,0,80,2,150,0,7,5,1,1,5,2,50,25,12000,5,1,100,1,5,0,0,0,0,0,0,0,0,0,0,0,0,0,0,0,0
1176,1176,0,5,9,0,125,1,150,0,4,4,1,1,5,2,50,20,12000,5,0,100,1,5,0,0,0,0,0,0,5,0,40,0,0,0,0,0,0,0
1177,1177,0,1,9,0,30,1,150,0,0,4,5,5,5,2,50,25,12000,5,0,100,1,5,0,0,0,0,0,0,0,0,0,0,0,0,0,0,0,0
1178,1178,0,9,9,0,80,2,150,0,8,5,1,1,5,2,50,25,12000,5,0,100,1,5,0,0,20,0,0,0,0,0,0,0,0,0,0,0,0,0
1179,1179,0,8,9,0,130,1,150,0,7,4,1,1,5,2,50,20,12000,5,0,100,1,5,0,0,0,0,0,0,5,0,75,0,0,0,0,0,0,0
1180,1180,0,1,9,0,35,2,150,0,0,4,4,4,5,2,50,20,12000,50,0,100,1,5,0,0,0,0,0,0,24,0,100,0,0,0,0,0,0,0
1181,1181,0,6,9,0,125,1,150,0,5,4,1,1,5,2,50,20,12000,5,0,100,1,5,0,0,0,0,0,0,5,0,50,0,0,0,0,0,0,0
1182,1182,0,6,9,0,35,1,150,0,5,4,4,4,5,2,50,20,12000,5,0,100,1,5,0,0,0,0,0,0,16,10,30,0,0,0,0,0,0,0
1183,1183,0,9,9,0,100,1,150,0,8,5,1,1,5,2,50,20,12000,5,0,100,1,5,0,0,0,0,0,0,0,0,0,10,20,30,0,0,0,0
1184,1184,0,1,9,0,110,1,150,0,0,4,1,1,5,2,50,20,12000,5,0,100,1,5,0,100,0,0,0,0,0,0,0,0,0,0,0,0,0,0
1185,1185,0,3,9,0,100,4,100,0,2,5,1,1,5,2,50,40,15000,5,0,100,1,5,0,0,0,0,0,0,4,0,25,0,0,0,0,0,0,0
1186,1186,0,5,9,0,130,2,150,0,4,4,1,1,5,2,50,20,12000,5,0,100,1,5,0,0,0,0,0,0,0,0,0,0,0,0,0,0,0,0
1187,1187,0,9,9,0,20,1,150,0,8,4,8,8,5,2,50,25,12000,5,0,90,1,5,0,0,0,0,0,0,0,0,0,0,0,0,0,0,0,0
1188,1188,0,9,9,0,100,4,100,0,8,5,1,1,5,2,50,50,16000,5,0,100,1,5,0,0,0,0,0,0,4,0,50,0,0,0,0,0,0,0
1189,1189,0,8,9,0,90,2,150,0,7,5,1,1,5,2,50,20,12000,5,0,100,1,5,0,0,0,0,0,0,0,0,0,0,0,0,0,0,0,0
1190,1190,0,8,9,0,95,2,150,0,7,5,1,1,5,2,50,20,12000,5,0,100,1,5,0,0,0,0,0,0,0,0,0,0,0,0,0,0,0,0
1191,1191,0,1,9,0,130,1,150,0,0,4,1,1,5,2,50,20,12000,5,0,100,1,5,0,0,0,0,0,0,2,0,40,0,0,0,0,0,0,0
1192,1192,0,1,9,0,25,5,100,0,0,5,1,1,5,2,50,25,12000,5,0,100,0,0,0,0,0,0,0,0,0,0,0,0,0,0,0,0,0,0
1193,1193,0,10,9,0,30,8,20,0,2,3,1,1,5,3,80,20,12000,5,1,100,0,0,0,0,0,0,0,0,0,0,0,0,0,0,1 2 3 4 5 6 7 24,0,0,0
1194,1194,0,1,9,0,140,1,150,0,0,4,1,1,5,2,50,20,12000,5,0,100,1,25,0,0,0,0,0,0,0,0,0,0,0,0,0,0,0,0
1195,1195,0,8,9,0,135,1,150,0,7,4,1,1,5,2,50,20,12000,5,1,100,1,5,0,0,0,0,0,0,0,0,0,0,0,0,0,0,0,0
1196,1196,0,5,9,0,115,1,150,0,4,5,1,1,5,2,50,20,12000,5,0,80,1,5,0,0,0,0,0,0,0,0,0,0,0,0,0,0,0,0
1197,1197,0,9,9,0,115,2,150,0,8,4,1,1,5,2,50,20,12000,5,0,100,1,5,0,0,0,0,0,0,5,0,80,0,0,0,0,0,0,0
1198,1198,0,3,9,0,45,1,150,0,2,5,2,2,5,2,50,20,12000,5,0,100,1,5,0,0,0,0,0,0,0,0,0,0,0,0,0,0,0,0
1199,1199,0,1,10,0,140,1,150,0,0,4,1,1,5,2,50,20,12000,5,1,100,1,5,0,0,0,0,0,0,0,0,0,0,0,0,0,0,0,0
1200,1200,0,3,9,0,130,2,150,0,2,4,1,1,5,2,50,20,12000,5,0,100,1,5,0,0,0,0,0,0,0,0,0,0,0,0,0,0,0,0
1201,1201,0,5,9,0,125,1,150,0,4,4,1,1,5,2,50,20,12000,5,0,100,1,5,0,0,0,0,0,0,3,0,50,0,0,0,0,0,0,0
1202,1202,0,3,9,0,145,1,150,0,2,4,1,1,5,2,50,25,12000,5,0,100,1,5,0,0,0,0,0,0,8,0,15,0,0,0,0,0,0,0
1203,1203,0,9,9,0,250,4,100,0,8,4,1,1,5,2,50,50,20000,5,0,100,1,5,0,0,0,0,0,0,1,0,35,0,0,0,0,0,0,0
1204,1204,0,5,9,0,90,2,150,0,4,5,1,1,5,2,50,20,12000,5,0,100,1,5,0,0,0,0,0,0,0,0,0,0,0,0,0,0,0,0
1205,1205,0,9,9,0,30,1,150,0,8,4,4,4,5,2,50,25,12000,5,0,100,1,5,0,0,0,0,0,0,0,0,0,12,20,30,0,0,0,0
1206,1206,0,4,9,0,120,1,150,0,3,4,1,1,5,2,50,20,12000,5,0,100,1,5,0,0,50,0,0,0,3,0,30,0,0,0,0,0,0,0
1207,1207,0,8,9,0,75,2,150,0,7,5,1,1,5,2,50,20,12000,5,0,100,1,5,0,0,0,0,0,0,2,0,20,0,0,0,0,0,0,0
1208,1208,0,8,9,0,150,1,150,0,7,4,1,1,5,2,50,30,12000,5,0,100,1,5,0,0,0,0,0,0,6,0,30,0,0,0,0,0,0,0
1209,1209,0,2,9,0,115,1,150,0,1,5,1,1,5,2,50,30,12000,5,0,100,1,5,0,0,0,0,0,0,0,0,0,0,0,0,0,0,0,0
1210,1210,0,3,10,0,180,4,100,0,2,4,1,1,5,2,50,30,14000,5,0,100,1,5,0,0,0,0,0,0,0,0,0,0,0,0,0,0,0,0
1211,1211,0,6,9,0,145,1,150,0,5,4,1,1,5,2,50,30,12000,5,0,95,1,5,0,0,0,0,0,0,5,0,35,0,0,0,0,0,0,0
1212,1212,0,9,9,0,250,3,100,0,8,4,1,1,5,2,50,40,18000,5,0,100,1,5,0,0,0,0,0,0,0,0,0,0,0,0,0,0,0,0
1213,1213,0,8,9,0,200,2,150,0,7,5,1,1,5,2,50,50,20000,5,0,90,1,5,0,0,0,0,0,0,0,0,0,18,50,100,0,0,0,0
1214,1214,0,2,9,0,70,1,150,0,1,5,1,1,5,2,50,10,12000,5,0,100,1,5,0,0,0,0,0,0,0,0,0,0,0,0,0,0,0,0
1215,1215,0,8,9,0,75,2,150,0,7,5,1,1,5,2,50,25,12000,5,0,100,1,5,0,0,0,0,0,0,0,0,0,10,15,100,0,0,0,0
1216,1216,0,8,9,0,110,2,150,0,7,4,1,1,5,2,50,20,12000,5,0,100,1,5,0,0,0,0,0,0,0,0,0,9 10 11 12,10 10 10 10,20 20 20 20,0,0,0,0
1223,1223,0,6,10,0,125,1,150,0,5,4,1,1,5,2,50,25,12000,5,0,100,1,5,0,100,0,0,0,0,0,0,0,0,0,0,0,0,0,0
1224,1224,0,8,10,0,115,2,150,0,7,4,1,1,5,2,50,25,12000,5,1,100,1,5,0,0,0,0,0,0,0,0,0,0,0,0,0,16 17 18 19,0,0
1225,1225,0,6,10,0,100,1,150,0,5,5,1,1,5,2,50,25,12000,5,0,70,1,50,0,0,0,0,0,0,0,0,0,0,0,0,0,0,0,0
1226,1226,0,7,10,0,65,1,150,0,6,4,2,2,5,2,50,25,12000,5,0,100,1,5,0,0,0,0,0,0,0,0,0,0,0,0,0,0,0,0
1227,1227,0,1,10,0,95,2,150,0,0,5,1,1,5,2,50,25,12000,5,0,100,1,5,0,0,0,0,0,0,8,0,5,0,0,0,0,0,0,0
1228,1228,0,2,10,0,35,1,150,0,1,5,3,3,5,2,50,25,12000,5,0,100,1,5,0,0,0,0,0,0,0,0,0,0,0,0,0,0,0,0
1229,1229,0,3,10,0,105,1,150,0,2,5,1,1,5,0,50,25,12000,5,0,100,1,5,0,0,0,0,0,0,4,0,10,0,0,0,0,0,0,0
1230,1230,0,11,10,0,0,0,100,0,0,1,1,1,5,0,0,10,12000,0,1,100,0,0,0,0,0,0,0,0,0,0,0,27,0,100,0,0,0,0
1231,1231,0,2,10,0,60,1,150,0,1,4,2,2,5,2,50,25,12000,5,0,100,1,5,0,0,50,0,0,0,0,0,0,0,0,0,0,0,0,0
1232,1232,0,2,10,0,250,3,100,0,1,4,1,1,5,2,50,40,20000,5,0,100,1,5,0,0,0,0,0,0,5,0,30,0,0,0,0,0,0,0
1233,1233,0,2,10,0,100,1,150,0,1,5,1,1,5,2,50,50,12000,5,0,100,1,5,0,100,0,0,0,0,0,0,0,0,0,0,0,0,0,0
1234,1234,0,9,10,0,110,2,150,0,8,4,1,1,5,2,50,25,12000,5,0,100,1,5,0,0,0,0,0,0,17,20,100,0,0,0,0,0,0,0
1235,1235,0,11,10,0,0,0,100,0,0,1,1,1,5,0,0,15,14000,5,1,100,0,0,0,0,0,0,0,0,0,0,0,20 27,0,100 100,0,0,0,0
1236,1236,0,1,10,0,180,3,100,0,0,4,1,1,5,2,50,35,14000,5,0,100,1,5,0,0,0,0,0,0,0,0,0,0,0,0,0,0,0,0
1237,1237,0,9,10,0,180,3,100,0,8,4,1,1,5,2,50,35,14000,5,0,100,1,5,0,0,0,0,0,0,0,0,0,0,0,0,0,0,0,0
1238,1238,0,9,10,0,115,2,150,0,8,4,1,1,5,2,50,25,12000,5,1,100,1,5,0,0,0,0,0,0,0,0,0,0,0,0,0,16 17 18 19,0,0
1239,1239,0,8,9,0,120,2,150,0,7,4,1,1,5,2,50,20,12000,5,0,100,1,5,0,0,0,0,0,0,4,0,50,0,0,0,0,0,0,0
1240,9003,0,3,9,0,30,2,150,0,2,4,1,1,5,2,50,2,10000,5,0,100,1,5,0,0,0,0,0,0,0,0,0,0,0,0,0,0,0,0
1241,1241,0,2,10,0,30,1,150,0,1,4,3,3,5,2,50,10,12000,5,0,100,1,5,0,0,0,0,0,0,0,0,0,0,0,0,0,0,0,0
1242,1242,0,1,10,0,70,1,150,0,0,4,1,1,5,2,50,5,12000,5,0,100,1,5,0,0,0,0,0,0,17,10,10,0,0,0,0,0,0,0
1243,1243,0,3,10,0,85,1,150,0,2,4,1,1,5,2,50,10,12000,5,0,100,1,5,0,0,0,0,0,0,0,0,0,12,10,10,0,0,0,0
1244,1244,0,6,10,0,110,1,150,0,5,4,1,1,5,2,50,15,12000,5,0,100,1,5,0,0,0,0,0,0,0,0,0,12,10,100,0,0,0,0
1245,1245,0,8,9,0,70,1,150,0,7,4,1,1,5,2,50,5,12000,5,1,100,1,5,0,0,0,0,0,0,0,0,0,0,0,0,0,0,0,0
1246,1246,0,6,10,0,75,1,150,0,5,4,1,1,5,2,50,10,12000,5,0,100,1,5,0,0,0,0,0,0,2 3,0 0,15 15,0,0,0,0,0,0,0
1247,1247,0,3,9,0,100,3,100,0,2,4,1,1,5,2,50,20,12000,5,0,100,0,0,0,0,0,0,0,0,0,0,0,0,0,0,0,0,0,0
1248,1248,0,5,9,0,180,4,100,0,4,4,1,1,5,2,50,40,15000,5,0,100,1,20,0,0,0,0,0,0,0,0,0,0,0,0,0,0,0,0
1249,1249,0,9,9,0,180,3,100,0,8,4,1,1,5,2,50,40,14000,5,0,100,1,5,0,0,20,0,0,0,0,0,0,0,0,0,0,0,0,0
1250,1250,0,9,9,0,130,1,150,0,8,4,1,1,5,2,50,15,12000,5,0,90,1,50,0,0,0,0,0,0,0,0,0,0,0,0,0,0,0,0
1251,1251,0,1,9,0,150,1,150,0,0,4,1,1,5,2,50,20,12000,50,0,100,1,5,0,0,0,0,0,0,0,0,0,0,0,0,0,0,0,0
1252,1252,0,9,10,0,250,4,100,0,8,4,1,1,5,2,50,40,18000,5,0,100,1,5,0,0,0,0,0,0,6,0,50,0,0,0,0,0,0,0
1253,1253,0,3,9,0,130,1,150,0,2,4,1,1,5,2,50,15,12000,5,0,100,1,5,0,0,0,0,0,0,8,0,15,0,0,0,0,0,0,0
1254,1254,0,2,9,0,200,1,150,0,1,5,1,1,5,2,50,50,20000,5,0,90,1,5,0,0,0,0,0,0,0,0,0,16,50,100,0,0,0,0
1255,1255,0,8,9,0,120,1,150,0,7,4,1,1,5,2,50,20,12000,5,0,100,1,50,0,0,0,0,0,0,5,0,30,0,0,0,0,0,0,0
1256,1256,0,9,9,0,20,1,150,0,8,4,8,8,5,2,50,20,12000,50,0,100,1,5,0,0,0,0,0,0,0,0,0,0,0,0,0,0,0,0
1257,1257,0,8,9,0,180,4,100,0,7,4,1,1,5,2,50,40,16000,5,0,100,1,5,0,0,50,0,0,0,0,0,0,0,0,0,0,0,0,0
1258,1258,0,9,9,0,35,1,150,0,8,4,1,1,5,2,50,5,12000,5,0,100,1,5,0,0,30,0,0,0,0,0,0,0,0,0,0,0,0,0
1259,1259,0,9,9,0,70,1,150,0,8,4,1,1,5,2,50,5,12000,5,0,100,1,5,0,0,30,0,0,0,0,0,0,0,0,0,0,0,0,0
1260,1260,0,9,9,0,50,2,150,0,8,4,1,1,5,2,50,5,12000,5,0,100,1,5,0,0,10,0,0,0,2,0,100,0,0,0,0,0,0,0
1261,1261,0,5,9,0,25,1,150,0,4,4,3,3,5,2,50,5,12000,5,0,100,1,5,0,0,0,0,0,0,0,0,0,0,0,0,0,0,0,0
1262,1262,0,1,9,0,75,1,150,0,0,4,1,1,5,2,50,5,12000,5,0,100,1,5,0,0,0,0,0,0,0,0,0,0,0,0,0,0,0,0
1263,1263,0,3,9,0,65,2,150,0,2,4,1,1,5,2,50,5,12000,5,0,100,1,5,0,0,0,0,0,0,0,0,0,0,0,0,0,0,0,0
1264,1264,0,2,9,0,45,1,150,0,1,4,2,2,5,2,50,10,12000,5,0,100,1,5,0,0,0,0,0,0,0,0,0,0,0,0,0,0,0,0
1265,1265,0,9,9,0,20,1,150,0,8,4,3,5,5,2,50,10,12000,5,0,100,1,5,0,0,30,0,0,0,0,0,0,0,0,0,0,0,0,0
1266,1266,0,8,9,0,90,1,150,0,7,4,1,1,5,2,50,10,12000,5,0,100,1,20,0,0,0,0,0,0,0,0,0,0,0,0,0,0,0,0
1267,1267,0,7,9,0,45,1,150,0,6,5,1,1,5,2,50,10,12000,5,0,100,1,5,0,0,0,0,0,0,0,0,0,0,0,0,0,0,0,0
1268,1268,0,2,9,0,45,1,150,0,1,5,1,1,5,2,50,10,12000,5,0,100,1,5,0,0,0,0,0,0,0,0,0,0,0,0,0,0,0,0
1269,1269,0,9,9,0,25,1,150,0,8,4,3,5,5,2,50,10,12000,5,0,100,1,5,0,0,10,0,0,0,0,0,0,0,0,0,0,0,0,0
1270,1270,0,3,9,0,30,1,150,0,2,4,3,3,5,2,50,10,12000,5,0,100,1,5,0,0,0,0,0,0,0,0,0,0,0,0,0,0,0,0
1271,1271,0,2,9,0,90,1,150,0,1,4,1,1,5,2,50,10,12000,5,0,100,1,5,0,0,0,0,0,0,5,0,10,0,0,0,0,0,0,0
1272,1272,0,6,9,0,55,1,150,0,5,4,2,2,5,2,50,10,12000,5,0,90,1,5,0,0,0,0,0,0,0,0,0,0,0,0,0,0,0,0
1273,1273,0,2,9,0,95,1,150,0,1,4,1,1,5,2,50,10,12000,5,0,100,1,5,0,0,0,0,0,0,0,0,0,0,0,0,0,0,0,0
1274,1274,0,1,9,0,90,1,150,0,0,4,1,1,5,2,50,10,12000,5,0,100,1,20,0,0,0,0,0,0,0,0,0,0,0,0,0,0,0,0
1275,1275,0,6,9,0,40,1,150,0,5,5,1,1,5,2,50,10,12000,5,0,100,1,5,0,0,0,0,0,0,1,0,10,0,0,0,0,0,0,0
1276,1276,0,3,9,0,60,2,150,0,2,4,1,1,5,2,50,10,12000,5,0,100,1,5,0,0,0,0,0,0,4,0,50,0,0,0,0,0,0,0
1277,1277,0,1,9,0,180,3,100,0,0,4,1,1,5,2,50,30,15000,5,1,100,1,5,0,0,30,0,0,0,0,0,0,0,0,0,0,0,0,0
1278,1278,0,2,9,0,30,1,150,0,1,4,3,6,5,2,50,15,12000,5,0,100,1,5,0,0,0,0,0,0,0,0,0,0,0,0,0,0,0,0
1279,1279,0,8,9,0,90,1,150,0,7,4,1,1,5,2,50,15,12000,5,0,100,1,5,0,0,0,0,0,0,0,0,0,12,20,100,0,0,0,0
1280,1280,0,2,9,0,130,1,150,0,1,4,1,1,5,2,50,15,12000,5,0,100,1,5,0,0,0,0,0,0,0,0,0,0,0,0,0,0,0,0
1281,1281,0,8,9,0,110,1,150,0,7,4,1,1,5,2,50,15,12000,5,0,100,1,30,0,0,0,0,0,0,0,0,0,0,0,0,0,0,0,0
1282,1282,0,3,9,0,100,1,150,0,2,4,1,1,5,2,50,15,12000,5,0,100,1,5,0,0,0,0,0,0,2,0,50,0,0,0,0,0,0,0
1283,1283,0,9,9,0,20,5,100,0,8,4,1,1,5,2,50,15,12000,5,0,100,1,5,0,0,0,0,0,0,6,0,50,0,0,0,0,0,0,0
1284,1284,0,1,9,0,40,1,150,0,0,4,3,3,5,2,50,15,12000,5,0,100,1,5,0,0,0,0,0,0,0,0,0,0,0,0,0,0,0,0
1285,1285,0,3,9,0,115,1,150,0,2,4,1,1,5,2,50,15,12000,5,0,100,1,5,0,0,0,0,0,0,0,0,0,0,0,0,0,0,0,0
1286,1286,0,4,9,0,35,1,150,0,3,4,3,3,5,2,50,15,12000,5,0,100,1,50,0,0,0,0,0,0,0,0,0,0,0,0,0,0,0,0
1287,1287,0,6,9,0,150,1,150,0,5,4,1,1,5,2,50,15,12000,5,0,50,1,5,0,0,0,0,0,0,5,0,100,0,0,0,0,0,0,0
1288,1288,0,2,9,0,75,2,150,0,1,5,1,1,5,2,50,15,12000,5,0,100,1,5,0,0,0,0,0,0,0,0,0,0,0,0,0,0,0,0
1289,1289,0,1,9,0,100,3,100,0,0,5,1,1,5,2,50,30,14000,5,0,100,1,5,0,0,0,0,0,0,3,0,20,0,0,0,0,0,0,0
1290,1290,0,9,9,0,30,1,150,0,8,4,3,5,5,2,50,15,12000,5,0,100,1,5,0,0,20,0,0,0,0,0,0,0,0,0,0,0,0,0
1291,1291,0,1,9,0,180,3,100,0,0,4,1,1,5,2,50,35,15000,5,1,100,1,5,0,0,30,0,0,0,0,0,0,0,0,0,0,0,0,0
1292,1292,0,9,10,0,140,1,150,0,8,4,1,1,5,2,50,20,12000,5,0,100,1,5,0,0,0,0,0,0,0,0,0,0,0,0,0,0,0,0
1293,1293,0,8,9,0,80,2,150,0,7,5,1,1,5,2,50,20,12000,5,1,100,1,5,0,0,0,0,0,0,0,0,0,0,0,0,0,1 2 3 4 5 6 7 16 17 18 19,0,0
1294,1294,0,2,9,0,140,1,150,0,1,4,1,1,5,2,50,25,12000,5,0,100,1,5,0,0,0,0,0,0,0,0,0,0,0,0,0,0,0,0
1295,1295,0,3,9,0,90,2,150,0,2,5,1,1,5,2,50,25,12000,5,0,100,1,5,0,0,20,0,0,0,0,0,0,0,0,0,0,0,0,0
1296,1296,0,7,9,0,180,4,100,0,6,4,1,1,5,2,50,30,14000,5,0,100,1,5,0,0,0,0,0,0,7,0,20,0,0,0,0,0,0,0
1297,1297,0,8,9,0,100,1,150,0,7,5,1,1,5,2,50,20,12000,5,0,100,1,5,0,0,0,0,0,0,0,0,0,0,0,0,0,0,0,0
1298,1298,0,2,9,0,180,3,100,0,1,5,1,1,5,2,50,35,18000,5,0,100,1,5,0,0,0,0,0,0,0,0,0,28,0,100,0,0,0,0
1299,1299,0,8,10,0,115,1,150,0,7,5,1,1,5,2,50,30,12000,5,0,100,1,30,0,0,0,0,0,0,0,0,0,0,0,0,0,0,0,0
1300,1300,0,8,9,0,180,3,100,0,7,4,1,1,5,2,50,40,14000,5,1,100,1,5,0,0,0,0,0,0,8,0,10,0,0,0,0,0,0,0
1301,1301,0,9,9,0,200,1,150,0,8,4,1,1,5,2,50,20,12000,5,0,100,1,5,0,0,0,0,0,0,0,0,0,28,0,100,0,0,0,0
1302,1302,0,3,9,0,180,3,100,0,2,4,1,1,5,2,50,35,14000,5,1,100,1,5,0,0,0,0,0,0,0,0,0,0,0,0,0,0,0,0
1303,1303,0,2,9,0,130,1,150,0,1,4,1,1,5,2,50,20,12000,5,0,100,1,5,0,0,0,0,0,0,0,0,0,0,0,0,0,0,0,0
1304,1304,0,2,9,0,150,1,150,0,1,4,1,1,5,2,50,20,12000,5,0,100,1,5,0,0,0,0,0,0,0,0,0,17,10,100,0,0,0,0
1305,1305,0,2,9,0,130,1,150,0,1,4,1,1,5,2,50,20,12000,5,0,100,1,5,0,0,0,0,0,0,0,0,0,0,0,0,0,0,0,0
1306,1306,0,7,9,0,15,1,150,0,6,4,8,8,5,2,50,25,12000,5,0,100,1,20,0,0,0,0,0,0,0,0,0,0,0,0,0,0,0,0
1307,1307,0,9,10,0,110,1,150,0,8,5,1,1,5,2,50,25,12000,5,0,100,1,5,0,0,0,0,0,0,2,0,20,0,0,0,0,0,0,0
1308,1308,0,2,9,0,90,1,150,0,1,4,3,3,5,2,50,20,12000,5,0,100,1,5,0,0,0,0,0,0,0,0,0,28,0,100,0,0,0,0
1309,1309,0,1,9,0,180,3,100,0,0,5,1,1,5,2,60,50,18000,5,0,100,1,5,0,0,10,0,0,0,0,0,0,0,0,0,0,0,0,0
1310,1310,0,9,10,0,20,1,150,0,8,5,5,5,5,2,50,25,12000,5,0,100,1,5,0,0,0,0,0,0,0,0,0,0,0,0,0,0,0,0
1311,1311,0,8,10,0,120,2,150,0,7,4,1,1,5,2,50,25,12000,5,0,100,1,5,0,0,0,0,0,0,0,0,0,0,0,0,9 10 11 12 13 14 15,0,0,0
1312,1312,0,8,9,0,110,1,150,0,7,5,1,1,5,2,50,30,12000,5,1,100,1,5,0,0,0,0,0,0,0,0,0,0,0,0,0,0,0,0
1313,1313,0,5,10,0,20,2,150,0,4,4,8,8,5,2,50,25,12000,5,0,100,1,5,0,0,0,0,0,0,3,0,30,0,0,0,0,0,0,0
1314,1314,0,2,9,0,75,1,150,0,1,4,1,1,5,2,50,5,12000,5,0,100,1,5,0,0,0,0,0,0,0,0,0,0,0,0,0,0,0,0
1315,1315,0,4,9,0,60,1,150,0,3,4,1,1,5,2,50,10,11000,5,0,100,1,5,0,0,0,0,0,0,1 2 3 4 5 6 7,0 0 0 0 0 0 0,10 10 10 10 10 10 10,0,0,0,0,0,0,0
1316,1316,0,3,9,0,80,1,150,0,2,4,1,1,5,2,50,10,12000,5,0,100,1,30,0,0,0,0,0,0,0,0,0,0,0,0,0,0,0,0
1317,1317,0,2,10,0,25,1,150,0,1,5,2,2,5,2,50,10,12000,5,0,100,1,20,0,0,0,0,0,0,0,0,0,0,0,0,0,0,0,0
1318,1318,0,2,9,0,85,1,150,0,1,4,1,1,5,2,50,10,12000,5,1,100,1,5,0,0,0,0,0,0,17,10,100,0,0,0,0,0,0,0
1319,1319,0,2,9,0,100,3,100,0,1,4,1,1,5,2,50,20,12000,5,0,100,1,20,0,0,0,0,0,0,0,0,0,0,0,0,0,0,0,0
1320,1320,0,6,9,0,85,1,150,0,5,4,1,1,5,2,50,10,12000,5,0,100,1,5,0,0,0,0,0,0,17,10,10,0,0,0,0,0,0,0
1321,1321,0,8,9,0,75,2,150,0,7,4,1,1,5,2,50,10,12000,5,0,100,1,5,0,0,0,0,0,0,0,0,0,11,10,10,0,0,0,0
1322,1322,0,2,9,0,100,1,150,0,1,4,1,1,5,2,50,15,11000,5,0,100,1,5,0,0,0,0,0,0,0,0,0,12,10,100,0,0,0,0
1323,1323,0,6,9,0,110,1,150,0,5,4,1,1,5,2,50,15,12000,5,0,100,1,50,0,0,0,0,0,0,0,0,0,0,0,0,0,0,0,0
1324,1324,0,6,9,0,115,1,150,0,5,4,1,1,5,2,50,15,12000,5,0,100,1,5,0,0,0,0,0,0,0,0,0,0,0,0,0,0,0,0
1325,1325,0,9,9,0,180,4,100,0,8,4,1,1,5,2,50,30,14000,5,0,100,1,5,0,0,0,0,0,0,8,0,10,0,0,0,0,0,0,0
1326,1326,0,5,9,0,115,1,150,0,4,5,1,1,5,2,50,25,12000,5,0,100,1,5,0,0,0,0,0,0,0,0,0,0,0,0,0,0,0,0
1327,1327,0,5,10,0,180,3,100,0,4,4,1,1,5,2,50,35,16000,5,0,80,1,5,0,0,0,0,0,0,1,0,100,0,0,0,0,0,0,0
1328,1328,0,11,9,0,0,0,100,0,0,4,1,1,5,4,80,40,13000,5,0,100,1,5,0,0,0,0,-50,0,16 17 18 19,30 30 30 30,100 100 100 100,0,0,0,0,0,0,0
1329,1329,0,1,9,0,180,3,100,0,0,4,1,1,5,2,50,35,15000,5,0,100,1,5,0,0,0,0,0,0,0,0,0,12,10,100,0,0,0,0
1330,1330,0,6,9,0,25,1,150,0,5,4,5,5,5,2,50,20,13000,5,0,100,1,30,0,0,0,0,0,0,0,0,0,0,0,0,0,0,0,0
1331,1331,0,1,9,0,250,3,100,0,0,4,1,1,5,2,50,50,18000,5,0,100,1,5,0,0,0,0,0,0,0,0,0,0,0,0,0,0,0,0
1332,1280,0,11,10,0,0,0,100,0,0,4,1,1,5,2,50,15,12000,5,0,100,1,5,0,0,0,0,0,0,6,0,100,0,0,0,0,0,0,0
1333,1333,0,9,9,0,15,1,150,0,8,5,2,4,5,2,50,10,12000,5,0,100,1,5,0,0,0,0,0,0,0,0,0,0,0,0,0,0,0,0
1334,1334,0,8,10,0,40,1,150,0,7,4,2,2,5,2,50,10,12000,5,0,100,1,50,0,0,0,0,0,0,0,0,0,0,0,0,0,0,0,0
1335,1335,0,8,9,0,65,2,150,0,7,4,1,1,5,2,50,5,12000,5,0,100,1,5,0,0,0,0,0,0,0,0,0,0,0,0,0,0,0,0
1336,1336,0,11,10,0,0,0,100,0,0,3,1,1,5,0,0,30,14000,5,0,100,0,0,0,0,0,0,0,0,23,0,100,0,0,0,0,0,0,0
1337,1337,0,8,9,0,90,2,150,0,7,4,1,1,5,2,50,20,12000,5,0,100,1,5,0,0,0,0,0,0,0,0,0,0,0,0,0,0,0,0
1338,1338,0,11,10,0,0,0,100,0,0,3,1,1,5,0,0,99,14000,5,0,100,0,0,0,0,0,0,0,0,23 27,0 0,100 100,0,0,0,0,0,0,0
1339,1339,0,9,10,0,30,1,150,0,8,5,2,4,5,2,50,20,12000,5,0,100,1,50,0,0,0,0,0,0,0,0,0,0,0,0,0,0,0,0
1340,1340,0,8,9,0,60,1,150,0,7,4,2,2,5,2,50,20,12000,5,0,100,1,5,0,0,0,0,0,0,0,0,0,0,0,0,0,0,0,0
1341,1341,0,2,9,0,70,1,150,0,1,4,1,1,5,2,50,5,12000,5,0,100,1,5,0,0,0,0,0,0,0,0,0,0,0,0,0,0,0,0
1342,1342,0,2,9,0,65,1,150,0,1,4,2,2,5,2,50,20,12000,5,0,100,1,5,0,0,0,0,0,0,0,0,0,0,0,0,0,0,0,0
1343,1343,0,2,10,0,100,1,150,0,1,5,1,1,5,2,50,20,12000,5,0,100,1,5,0,0,0,0,0,0,0,0,0,0,0,0,0,0,0,0
1344,1344,0,2,9,0,130,1,150,0,1,4,1,1,5,2,50,30,14000,5,0,100,1,5,0,0,0,0,0,0,0,0,0,0,0,0,0,0,0,0
1345,1345,0,3,10,0,95,2,150,0,2,5,1,1,5,2,50,30,12000,5,0,100,1,5,0,0,0,0,0,0,0,0,0,0,0,0,0,0,0,0
1346,1346,0,11,9,0,0,0,100,0,3,5,1,1,5,0,0,30,13000,5,0,100,0,0,0,0,0,0,0,0,1 2 3,0 0 0,50 50 50,0,0,0,0,0,0,0
1348,1348,0,1,9,0,75,1,150,0,0,4,1,1,5,2,50,5,12000,5,0,100,1,5,0,0,0,0,0,0,0,0,0,0,0,0,0,0,0,0
1349,1349,0,1,9,0,15,1,150,0,0,4,4,8,5,2,50,10,12000,5,0,100,1,5,0,0,0,0,0,0,0,0,0,0,0,0,0,0,0,0
1350,1350,0,1,9,0,115,1,150,0,0,4,1,1,5,2,50,15,12000,5,0,100,1,30,0,0,0,0,0,0,0,0,0,0,0,0,0,0,0,0
1351,1351,0,1,9,0,150,1,150,0,0,4,1,1,5,2,50,20,12000,5,0,100,1,5,0,0,0,0,0,0,0,0,0,0,0,0,0,0,0,0
1352,1352,0,8,9,0,130,1,150,0,7,4,1,1,5,2,50,20,11000,5,0,100,1,5,0,0,0,0,0,0,0,0,0,12,10,100,0,0,0,0
1353,1353,0,8,9,0,120,1,150,0,7,4,1,1,5,2,50,25,12000,5,0,100,1,5,0,0,0,0,0,0,0,0,0,0,0,0,0,0,0,0
1354,1354,0,3,9,0,30,2,150,0,2,4,1,1,5,2,50,2,10000,5,0,100,1,5,0,0,0,0,0,0,0,0,0,0,0,0,0,0,0,0
1355,1355,0,3,9,0,35,2,150,0,2,4,1,1,5,2,50,2,10000,5,0,100,1,5,0,0,0,0,0,0,0,0,0,0,0,0,0,0,0,0
1356,1356,0,4,9,0,25,2,150,0,3,4,1,1,5,2,50,2,10000,5,0,100,1,5,0,0,0,0,0,0,19,10,10,0,0,0,0,0,0,0
1357,1357,0,9,9,0,30,2,150,0,8,4,1,1,5,2,50,2,10000,5,0,100,1,5,0,0,0,0,0,0,0,0,0,0,0,0,0,0,0,0
1358,1358,0,1,9,0,40,1,150,0,0,4,1,1,5,2,50,2,10000,5,0,100,1,5,0,0,0,0,0,0,0,0,0,0,0,0,0,0,0,0
1359,1359,0,3,9,0,30,2,150,0,2,4,1,1,5,2,50,2,10000,5,0,100,1,5,0,0,0,0,0,0,0,0,0,0,0,0,0,0,0,0
1360,1360,0,1,9,0,40,1,150,0,0,4,1,1,5,2,50,2,10000,5,0,100,1,5,0,0,0,0,0,0,0,0,0,0,0,0,0,0,0,0
1361,1361,0,3,9,0,30,2,150,0,2,4,1,1,5,2,50,2,10000,5,0,100,1,5,0,0,0,0,0,0,0,0,0,0,0,0,0,0,0,0
1362,1362,0,3,9,0,30,2,150,0,2,4,1,1,5,2,50,2,10000,5,0,100,1,5,0,0,0,0,0,0,0,0,0,0,0,0,0,0,0,0
1363,1363,0,3,9,0,30,2,150,0,2,4,1,1,5,2,50,2,10000,5,0,100,1,5,0,0,0,0,0,0,0,0,0,0,0,0,0,0,0,0
1364,1364,0,8,9,0,35,1,150,0,7,4,1,1,5,2,50,2,10000,5,0,100,1,5,0,0,0,0,0,0,0,0,0,0,0,0,0,0,0,0
1365,1365,0,9,9,0,25,2,150,0,8,4,1,1,5,2,50,2,10000,5,0,100,1,5,0,0,0,0,0,0,1,0,10,0,0,0,0,0,0,0
1366,1366,0,9,9,0,40,1,150,0,8,4,1,1,5,2,50,2,10000,5,0,100,1,5,0,0,0,0,0,0,0,0,0,0,0,0,0,0,0,0
1367,1367,0,2,9,0,70,1,150,0,1,4,1,1,5,2,50,5,12000,5,0,100,1,5,0,0,0,0,0,0,0,0,0,0,0,0,0,0,0,0
1368,1368,0,1,9,0,30,1,150,0,0,4,3,3,5,2,50,10,12000,5,0,100,1,30,0,0,0,0,0,0,0,0,0,0,0,0,0,0,0,0
1369,1369,0,3,20,0,120,2,150,0,2,4,1,1,5,2,50,20,12000,5,0,100,1,10,0,0,0,0,0,0,3,0,25,0,0,0,0,0,0,0
1370,1370,0,11,10,0,0,0,100,0,8,4,1,1,5,0,0,20,13000,5,0,100,0,0,0,0,0,0,0,0,2 17,0 30,100 100,0,0,0,0,0,0,0
1371,1371,0,4,10,0,95,1,150,0,3,4,1,1,5,2,50,10,12000,5,0,100,1,5,0,0,0,0,0,0,0,0,0,0,0,0,0,0,0,0
1372,1354,0,3,9,0,30,2,150,0,2,4,1,1,5,2,50,2,10000,5,0,100,1,5,0,0,0,0,0,0,0,0,0,0,0,0,0,0,0,0
1373,1356,0,4,9,0,25,2,150,0,3,4,1,1,5,2,50,2,10000,5,0,100,1,5,0,0,0,0,0,0,19,10,10,0,0,0,0,0,0,0
1374,1374,0,8,9,0,135,1,150,0,7,4,1,1,5,2,50,25,12000,5,0,100,1,5,0,0,0,0,0,0,0,0,0,10,10,50,0,0,0,0
1375,1375,0,8,10,0,110,2,150,0,7,4,1,1,5,2,50,25,12000,5,1,100,1,5,0,0,0,0,0,0,0,0,0,0,0,0,0,16 17 18 19,0,0
1376,1376,0,1,10,0,90,2,150,0,0,5,1,1,5,2,50,25,12000,5,0,100,1,5,0,0,0,0,0,0,0,0,0,0,0,0,0,0,0,0
1377,1377,0,9,9,0,30,1,150,0,8,4,4,4,5,2,50,25,12000,5,0,100,1,5,0,0,0,0,0,0,0,0,0,0,0,0,0,0,0,0
1378,1378,0,2,10,0,250,3,100,0,1,4,1,1,5,2,50,40,20000,5,0,100,1,5,0,0,0,0,0,0,0,0,0,0,0,0,0,0,0,0
1379,1379,0,1,9,0,100,3,100,0,0,4,1,1,5,2,50,10,12000,5,0,100,1,5,0,0,0,0,0,0,0,0,0,0,0,0,0,0,0,0
1380,1380,0,1,9,0,100,3,100,0,0,4,1,1,5,2,50,20,12000,5,0,100,1,30,0,0,0,0,0,0,0,0,0,0,0,0,0,0,0,0
1381,1381,0,6,9,0,180,3,100,0,5,4,1,1,5,2,50,30,14000,5,0,100,1,5,0,0,0,0,0,0,0,0,0,0,0,0,0,0,0,0
1382,1382,0,5,9,0,180,3,100,0,4,4,1,1,5,2,50,35,14000,5,0,100,1,30,0,0,0,0,0,0,0,0,0,0,0,0,0,0,0,0
1383,1383,0,1,9,0,444,7,100,0,0,5,1,1,5,2,50,40,20000,5,0,100,0,0,0,0,0,0,0,0,0,0,0,0,0,0,0,0,0,0
3000,3000,0,2,8,0,65,1,150,0,1,4,1,1,5,2,50,3,11000,5,0,95,1,5,0,0,0,0,0,0,0,0,0,0,0,0,0,0,0,0
3001,3001,0,2,8,0,85,1,150,0,1,4,1,1,5,2,50,6,11000,5,0,95,1,5,0,0,0,0,0,0,0,0,0,0,0,0,0,0,0,0
3002,3002,0,2,8,0,105,1,150,0,1,4,1,1,5,2,50,9,11000,5,0,95,1,5,0,0,0,0,0,0,0,0,0,0,0,0,0,0,0,0
3003,3003,0,2,8,0,55,2,150,0,1,4,1,1,5,2,50,3,11000,5,0,95,1,5,0,0,0,0,0,0,0,0,0,0,0,0,0,0,0,0
3004,3004,0,2,8,0,75,2,150,0,1,4,1,1,5,2,50,6,11000,5,0,95,1,5,0,0,0,0,0,0,0,0,0,0,0,0,0,0,0,0
3005,3005,0,2,8,0,95,2,150,0,1,4,1,1,5,2,50,9,11000,5,0,95,1,5,0,0,0,0,0,0,0,0,0,0,0,0,0,0,0,0
3006,3006,0,2,8,0,30,1,150,30,1,5,1,1,5,2,50,4,13000,5,0,95,1,5,0,0,0,0,0,0,0,0,0,0,0,0,0,0,0,0
3007,3007,0,2,8,0,45,1,150,30,1,5,1,1,5,2,50,7,13000,5,0,95,1,5,0,0,0,0,0,0,0,0,0,0,0,0,0,0,0,0
3008,3008,0,2,8,0,75,1,150,30,1,5,1,1,5,2,50,10,13000,5,0,95,1,5,0,0,0,0,0,0,0,0,0,0,0,0,0,0,0,0
3009,3009,0,3,8,0,65,1,150,9,2,4,1,1,5,2,50,3,11000,5,0,95,1,5,0,0,0,0,0,0,0,0,0,0,0,0,0,0,0,0
3010,3010,0,3,8,0,85,1,150,9,2,4,1,1,5,2,50,6,11000,5,0,95,1,5,0,0,0,0,0,0,0,0,0,0,0,0,0,0,0,0
3011,3011,0,3,8,0,105,1,150,9,2,4,1,1,5,2,50,9,11000,5,0,95,1,5,0,0,0,0,0,0,0,0,0,0,0,0,0,0,0,0
3012,3012,0,3,8,0,55,2,150,5,2,4,1,1,5,2,50,3,11000,5,0,95,1,5,0,0,0,0,0,0,0,0,0,0,0,0,0,0,0,0
3013,3013,0,3,8,0,75,2,150,5,2,4,1,1,5,2,50,6,11000,5,0,95,1,5,0,0,0,0,0,0,0,0,0,0,0,0,0,0,0,0
3014,3014,0,3,8,0,95,2,150,5,2,4,1,1,5,2,50,9,11000,5,0,95,1,5,0,0,0,0,0,0,0,0,0,0,0,0,0,0,0,0
3015,3015,0,3,8,0,20,2,150,0,2,5,1,1,5,2,50,4,13000,5,0,95,1,5,0,0,0,0,0,0,0,0,0,0,0,0,0,0,0,0
3016,3016,0,3,8,0,35,2,150,0,2,5,1,1,5,2,50,7,13000,5,0,95,1,5,0,0,0,0,0,0,0,0,0,0,0,0,0,0,0,0
3017,3017,0,3,8,0,65,2,150,0,2,5,1,1,5,2,50,10,13000,5,0,95,1,5,0,0,0,0,0,0,0,0,0,0,0,0,0,0,0,0
3018,3018,0,4,8,0,65,1,150,0,3,4,1,1,5,2,50,3,11000,5,0,95,1,5,0,0,0,0,0,0,0,0,0,0,0,0,0,0,0,0
3019,3019,0,4,8,0,85,1,150,0,3,4,1,1,5,2,50,6,11000,5,0,95,1,5,0,0,0,0,0,0,0,0,0,0,0,0,0,0,0,0
3020,3020,0,4,8,0,105,1,150,0,3,4,1,1,5,2,50,9,11000,5,0,95,1,5,0,0,0,0,0,0,0,0,0,0,0,0,0,0,0,0
3021,3021,0,4,8,0,55,2,150,0,3,4,1,1,5,2,50,3,11000,5,0,95,1,5,0,0,0,0,0,0,0,0,0,0,0,0,0,0,0,0
3022,3022,0,4,8,0,75,2,150,0,3,4,1,1,5,2,50,6,11000,5,0,95,1,5,0,0,0,0,0,0,0,0,0,0,0,0,0,0,0,0
3023,3023,0,4,8,0,95,2,150,0,3,4,1,1,5,2,50,9,11000,5,0,95,1,5,0,0,0,0,0,0,0,0,0,0,0,0,0,0,0,0
3024,3024,0,4,8,0,20,2,150,25,3,5,1,1,5,2,50,4,13000,5,0,95,1,5,0,0,0,0,0,0,0,0,0,0,0,0,0,0,0,0
3025,3025,0,4,8,0,35,2,150,25,3,5,1,1,5,2,50,7,13000,5,0,95,1,5,0,0,0,0,0,0,0,0,0,0,0,0,0,0,0,0
3026,3026,0,4,8,0,65,2,150,25,3,5,1,1,5,2,50,10,13000,5,0,95,1,5,0,0,0,0,0,0,0,0,0,0,0,0,0,0,0,0
3027,3027,0,5,8,0,65,1,150,30,4,4,1,1,5,2,50,3,11000,5,0,95,1,5,0,0,0,0,0,0,0,0,0,0,0,0,0,0,0,0
3028,3028,0,5,8,0,85,1,150,30,4,4,1,1,5,2,50,6,11000,5,0,95,1,5,0,0,0,0,0,0,0,0,0,0,0,0,0,0,0,0
3029,3029,0,5,8,0,105,1,150,30,4,4,1,1,5,2,50,9,11000,5,0,95,1,5,0,0,0,0,0,0,0,0,0,0,0,0,0,0,0,0
3030,3030,0,5,8,0,55,2,150,33,4,4,1,1,5,2,50,3,11000,5,0,95,1,5,0,0,0,0,0,0,0,0,0,0,0,0,0,0,0,0
3031,3031,0,5,8,0,75,2,150,33,4,4,1,1,5,2,50,6,11000,5,0,95,1,5,0,0,0,0,0,0,0,0,0,0,0,0,0,0,0,0
3032,3032,0,5,8,0,95,2,150,33,4,4,1,1,5,2,50,9,11000,5,0,95,1,5,0,0,0,0,0,0,0,0,0,0,0,0,0,0,0,0
3033,3033,0,5,8,0,30,1,150,0,4,5,1,1,5,2,50,4,13000,5,0,95,1,5,0,0,0,0,0,0,0,0,0,0,0,0,0,0,0,0
3034,3034,0,5,8,0,45,1,150,0,4,5,1,1,5,2,50,7,13000,5,0,95,1,5,0,0,0,0,0,0,0,0,0,0,0,0,0,0,0,0
3035,3035,0,5,8,0,75,1,150,0,4,5,1,1,5,2,50,10,13000,5,0,95,1,5,0,0,0,0,0,0,0,0,0,0,0,0,0,0,0,0
3036,3036,0,6,8,0,65,1,150,10,5,4,1,1,5,2,50,3,11000,5,0,95,1,5,0,0,0,0,0,0,0,0,0,0,0,0,0,0,0,0
3037,3037,0,6,8,0,85,1,150,10,5,4,1,1,5,2,50,6,11000,5,0,95,1,5,0,0,0,0,0,0,0,0,0,0,0,0,0,0,0,0
3038,3038,0,6,8,0,105,1,150,10,5,4,1,1,5,2,50,9,11000,5,0,95,1,5,0,0,0,0,0,0,0,0,0,0,0,0,0,0,0,0
3039,3039,0,6,8,0,55,2,150,30,5,4,1,1,5,2,50,3,11000,5,0,95,1,5,0,0,0,0,0,0,0,0,0,0,0,0,0,0,0,0
3040,3040,0,6,8,0,75,2,150,30,5,4,1,1,5,2,50,6,11000,5,0,95,1,5,0,0,0,0,0,0,0,0,0,0,0,0,0,0,0,0
3041,3041,0,6,8,0,95,2,150,30,5,4,1,1,5,2,50,9,11000,5,0,95,1,5,0,0,0,0,0,0,0,0,0,0,0,0,0,0,0,0
3042,3042,0,6,8,0,30,1,150,50,5,5,1,1,5,2,50,4,13000,5,0,95,1,5,0,0,0,0,0,0,0,0,0,0,0,0,0,0,0,0
3043,3043,0,6,8,0,45,1,150,50,5,5,1,1,5,2,50,7,13000,5,0,95,1,5,0,0,0,0,0,0,0,0,0,0,0,0,0,0,0,0
3044,3044,0,6,8,0,75,1,150,50,5,5,1,1,5,2,50,10,13000,5,0,95,1,5,0,0,0,0,0,0,0,0,0,0,0,0,0,0,0,0
3045,3045,0,7,8,0,65,1,150,0,6,4,1,1,5,2,50,3,11000,5,0,95,1,5,0,0,0,0,0,0,0,0,0,0,0,0,0,0,0,0
3046,3046,0,7,8,0,85,1,150,0,6,4,1,1,5,2,50,6,11000,5,0,95,1,5,0,0,0,0,0,0,0,0,0,0,0,0,0,0,0,0
3047,3047,0,7,8,0,105,1,150,0,6,4,1,1,5,2,50,9,11000,5,0,95,1,5,0,0,0,0,0,0,0,0,0,0,0,0,0,0,0,0
3048,3048,0,7,8,0,55,2,150,20,6,4,1,1,5,2,50,3,11000,5,0,95,1,5,0,0,0,0,0,0,0,0,0,0,0,0,0,0,0,0
3049,3049,0,7,8,0,75,2,150,20,6,4,1,1,5,2,50,6,11000,5,0,95,1,5,0,0,0,0,0,0,0,0,0,0,0,0,0,0,0,0
3050,3050,0,7,8,0,95,2,150,20,6,4,1,1,5,2,50,9,11000,5,0,95,1,5,0,0,0,0,0,0,0,0,0,0,0,0,0,0,0,0
3051,3051,0,7,8,0,30,1,150,0,6,5,1,1,5,2,50,4,13000,5,0,95,1,5,0,0,0,0,0,0,0,0,0,0,0,0,0,0,0,0
3052,3052,0,7,8,0,45,1,150,0,6,5,1,1,5,2,50,7,13000,5,0,95,1,5,0,0,0,0,0,0,0,0,0,0,0,0,0,0,0,0
3053,3053,0,7,8,0,75,1,150,0,6,5,1,1,5,2,50,10,13000,5,0,95,1,5,0,0,0,0,0,0,0,0,0,0,0,0,0,0,0,0
3054,3054,0,8,8,0,65,1,150,15,7,4,1,1,5,2,50,3,11000,5,0,95,1,5,0,0,0,0,0,0,0,0,0,0,0,0,0,0,0,0
3055,3055,0,8,8,0,85,1,150,15,7,4,1,1,5,2,50,6,11000,5,0,95,1,5,0,0,0,0,0,0,0,0,0,0,0,0,0,0,0,0
3056,3056,0,8,8,0,105,1,150,15,7,4,1,1,5,2,50,9,11000,5,0,95,1,5,0,0,0,0,0,0,0,0,0,0,0,0,0,0,0,0
3057,3057,0,8,8,0,55,2,150,0,7,4,1,1,5,2,50,3,11000,5,0,95,1,5,0,0,0,0,0,0,0,0,0,0,0,0,0,0,0,0
3058,3058,0,8,8,0,75,2,150,0,7,4,1,1,5,2,50,6,11000,5,0,95,1,5,0,0,0,0,0,0,0,0,0,0,0,0,0,0,0,0
3059,3059,0,8,8,0,95,2,150,0,7,4,1,1,5,2,50,9,11000,5,0,95,1,5,0,0,0,0,0,0,0,0,0,0,0,0,0,0,0,0
3060,3060,0,8,8,0,20,2,150,10,7,5,1,1,5,2,50,4,13000,5,0,95,1,5,0,0,0,0,0,0,0,0,0,0,0,0,0,0,0,0
3061,3061,0,8,8,0,35,2,150,10,7,5,1,1,5,2,50,7,13000,5,0,95,1,5,0,0,0,0,0,0,0,0,0,0,0,0,0,0,0,0
3062,3062,0,8,8,0,65,2,150,10,7,5,1,1,5,2,50,10,13000,5,0,95,1,5,0,0,0,0,0,0,0,0,0,0,0,0,0,0,0,0
3063,3063,0,9,8,0,65,1,150,6,8,4,1,1,5,2,50,3,11000,5,0,95,1,5,0,0,0,0,0,0,0,0,0,0,0,0,0,0,0,0
3064,3064,0,9,8,0,85,1,150,6,8,4,1,1,5,2,50,6,11000,5,0,95,1,5,0,0,0,0,0,0,0,0,0,0,0,0,0,0,0,0
3065,3065,0,9,8,0,105,1,150,6,8,4,1,1,5,2,50,9,11000,5,0,95,1,5,0,0,0,0,0,0,0,0,0,0,0,0,0,0,0,0
3066,3066,0,9,8,0,55,2,150,34,8,4,1,1,5,2,50,3,11000,5,0,95,1,5,0,0,0,0,0,0,0,0,0,0,0,0,0,0,0,0
3067,3067,0,9,8,0,75,2,150,34,8,4,1,1,5,2,50,6,11000,5,0,95,1,5,0,0,0,0,0,0,0,0,0,0,0,0,0,0,0,0
3068,3068,0,9,8,0,95,2,150,34,8,4,1,1,5,2,50,9,11000,5,0,95,1,5,0,0,0,0,0,0,0,0,0,0,0,0,0,0,0,0
3069,3069,0,9,8,0,20,2,150,0,8,5,1,1,5,2,50,4,13000,5,0,95,1,5,0,0,0,0,0,0,0,0,0,0,0,0,0,0,0,0
3070,3070,0,9,8,0,35,2,150,0,8,5,1,1,5,2,50,7,13000,5,0,95,1,5,0,0,0,0,0,0,0,0,0,0,0,0,0,0,0,0
3071,3071,0,9,8,0,65,2,150,0,8,5,1,1,5,2,50,10,13000,5,0,95,1,5,0,0,0,0,0,0,0,0,0,0,0,0,0,0,0,0
3072,3072,0,1,8,0,70,1,150,0,0,4,1,1,5,2,50,3,11000,5,1,100,1,5,0,0,0,0,0,0,0,0,0,0,0,0,0,0,0,0
3073,3073,0,1,8,0,90,1,150,0,0,4,1,1,5,2,50,6,11000,5,1,100,1,5,0,0,0,0,0,0,0,0,0,0,0,0,0,0,0,0
3074,3074,0,1,8,0,110,1,150,0,0,4,1,1,5,2,50,9,11000,5,1,100,1,5,0,0,0,0,0,0,0,0,0,0,0,0,0,0,0,0
3075,3075,0,1,8,0,60,2,150,20,0,4,1,1,5,2,50,3,11000,5,1,100,1,5,0,0,0,0,0,0,0,0,0,0,0,0,0,0,0,0
3076,3076,0,1,8,0,80,2,150,20,0,4,1,1,5,2,50,6,11000,5,1,100,1,5,0,0,0,0,0,0,0,0,0,0,0,0,0,0,0,0
3077,3077,0,1,8,0,100,2,150,20,0,4,1,1,5,2,50,9,11000,5,1,100,1,5,0,0,0,0,0,0,0,0,0,0,0,0,0,0,0,0
3078,3078,0,1,8,0,35,1,150,0,0,5,1,1,5,2,50,4,13000,5,1,100,1,5,0,0,0,0,0,0,0,0,0,0,0,0,0,0,0,0
3079,3079,0,1,8,0,50,1,150,0,0,5,1,1,5,2,50,7,13000,5,1,100,1,5,0,0,0,0,0,0,0,0,0,0,0,0,0,0,0,0
3080,3080,0,1,8,0,80,1,150,0,0,5,1,1,5,2,50,10,13000,5,1,100,1,5,0,0,0,0,0,0,0,0,0,0,0,0,0,0,0,0
3081,3081,0,4,8,0,40,1,150,0,3,4,1,1,5,0,0,10,13000,5,0,70,1,5,0,0,0,0,0,0,1,0,100,0,0,0,0,0,0,0
3082,3082,0,2,8,0,30,2,150,0,1,4,1,1,5,0,0,10,13000,5,0,70,1,5,0,0,0,0,0,0,2,0,100,0,0,0,0,0,0,0
3083,3083,0,5,8,0,40,1,150,0,4,4,1,1,5,0,0,10,13000,5,0,70,1,5,0,0,0,0,0,0,3,0,100,0,0,0,0,0,0,0
3084,3084,0,3,8,0,30,2,150,0,2,4,1,1,5,0,0,10,13000,5,0,70,1,5,0,0,0,0,0,0,4,0,100,0,0,0,0,0,0,0
3085,3085,0,6,8,0,40,1,150,0,5,4,1,1,5,0,0,10,13000,5,0,70,1,5,0,0,0,0,0,0,5,0,100,0,0,0,0,0,0,0
3086,3086,0,7,8,0,40,1,150,0,6,4,1,1,5,0,0,10,13000,5,0,70,1,5,0,0,0,0,0,0,6,0,100,0,0,0,0,0,0,0
3087,3087,0,1,8,0,30,2,150,0,0,4,1,1,5,0,0,10,13000,5,0,70,1,5,0,0,0,0,0,0,7,0,100,0,0,0,0,0,0,0
3088,3088,0,9,8,0,40,1,150,0,8,4,1,1,5,0,0,10,10000,5,0,100,1,5,0,0,0,0,0,0,8,0,10,0,0,0,0,0,0,0
3089,3089,0,8,8,0,30,2,150,0,7,4,1,1,5,0,0,10,10000,5,0,100,1,5,0,0,0,0,0,0,24,0,100,0,0,0,0,0,0,0
3090,3090,0,11,8,0,0,0,100,0,0,2,1,1,5,4,80,6,8000,0,1,100,0,0,0,0,0,0,0,0,9,10,100,0,0,0,0,0,0,0
3091,3091,0,11,8,0,0,0,100,0,0,2,1,1,5,4,80,6,8000,0,1,100,0,0,0,0,0,0,0,0,10,10,100,0,0,0,0,0,0,0
3092,3092,0,11,8,0,0,0,100,0,0,2,1,1,5,4,80,6,8000,0,1,100,0,0,0,0,0,0,0,0,11,10,100,0,0,0,0,0,0,0
3093,3093,0,11,8,0,0,0,100,0,0,2,1,1,5,4,80,6,8000,0,1,100,0,0,0,0,0,0,0,0,12,10,100,0,0,0,0,0,0,0
3094,3094,0,11,8,0,0,0,100,0,0,2,1,1,5,4,80,6,8000,0,1,100,0,0,0,0,0,0,0,0,14,10,100,0,0,0,0,0,0,0
3095,3095,0,11,8,0,0,0,100,0,0,2,1,1,5,4,80,6,8000,0,1,100,0,0,0,0,0,0,0,0,15,10,100,0,0,0,0,0,0,0
3096,3096,0,11,8,0,0,0,100,0,0,4,1,1,5,4,80,6,8000,0,1,100,0,0,0,0,0,0,0,0,16,10,100,0,0,0,0,0,0,0
3097,3097,0,11,8,0,0,0,100,0,0,4,1,1,5,4,80,6,8000,0,1,100,0,0,0,0,0,0,0,0,17,10,100,0,0,0,0,0,0,0
3098,3098,0,11,8,0,0,0,100,0,0,4,1,1,5,4,80,6,8000,0,1,100,0,0,0,0,0,0,0,0,18,10,100,0,0,0,0,0,0,0
3099,3099,0,11,8,0,0,0,100,0,0,4,1,1,5,4,80,6,8000,0,1,100,0,0,0,0,0,0,0,0,19,10,100,0,0,0,0,0,0,0
3100,3100,0,11,8,0,0,0,100,0,0,3,1,1,5,4,80,20,10000,0,1,100,0,0,0,0,0,0,0,0,9,10,100,0,0,0,0,0,0,0
3101,3101,0,11,8,0,0,0,100,0,0,3,1,1,5,4,80,20,10000,0,1,100,0,0,0,0,0,0,0,0,10,10,100,0,0,0,0,0,0,0
3102,3102,0,11,8,0,0,0,100,0,0,3,1,1,5,4,80,20,10000,0,1,100,0,0,0,0,0,0,0,0,11,10,100,0,0,0,0,0,0,0
3103,3103,0,11,8,0,0,0,100,0,0,3,1,1,5,4,80,20,10000,0,1,100,0,0,0,0,0,0,0,0,12,10,100,0,0,0,0,0,0,0
3104,3104,0,11,8,0,0,0,100,0,0,5,1,1,5,4,80,20,10000,0,1,100,0,0,0,0,0,0,0,0,16,10,100,0,0,0,0,0,0,0
3105,3105,0,11,8,0,0,0,100,0,0,5,1,1,5,4,80,20,10000,0,1,100,0,0,0,0,0,0,0,0,17,10,100,0,0,0,0,0,0,0
3106,3106,0,11,8,0,0,0,100,0,0,5,1,1,5,4,80,20,10000,0,1,100,0,0,0,0,0,0,0,0,18,10,100,0,0,0,0,0,0,0
3107,3107,0,11,8,0,0,0,100,0,0,5,1,1,5,4,80,20,10000,0,1,100,0,0,0,0,0,0,0,0,19,10,100,0,0,0,0,0,0,0
3108,3108,0,10,8,0,15,8,10,0,0,2,1,1,5,3,80,4,10000,5,1,100,0,0,0,0,0,0,0,0,0,0,0,0,0,0,0,0,0,0
3109,3109,0,10,8,0,35,8,10,0,0,2,1,1,5,3,80,8,10000,5,1,100,0,0,0,0,0,0,0,0,0,0,0,0,0,0,0,0,0,0
3110,3110,0,10,8,0,75,8,10,0,0,2,1,1,5,3,80,16,10000,5,1,100,0,0,0,0,0,0,0,0,0,0,0,0,0,0,0,0,0,0
3111,3111,0,10,8,0,10,8,20,0,0,3,1,1,5,3,80,10,10000,5,1,100,0,0,0,0,0,0,0,0,0,0,0,0,0,0,0,0,0,0
3112,3112,0,10,8,0,20,8,20,0,0,3,1,1,5,3,80,25,10000,5,1,100,0,0,0,0,0,0,0,0,0,0,0,0,0,0,0,0,0,0
3113,3113,0,10,8,0,30,8,20,0,0,3,1,1,5,3,80,40,10000,5,1,100,0,0,0,0,0,0,0,0,0,0,0,0,0,0,0,0,0,0
3114,3114,0,10,8,0,50,14,10,0,0,8,1,1,5,0,0,30,10000,5,1,100,0,0,0,0,0,0,0,0,0,0,0,0,0,0,0,0,0,0
3115,9001,0,10,8,0,100,14,25,0,0,9,1,1,5,0,0,60,18000,5,1,100,0,0,0,0,0,0,0,0,0,0,0,0,0,0,0,0,0,0
3116,3116,0,10,8,0,5,8,10,0,0,2,1,1,5,3,80,4,10000,5,1,100,0,0,0,0,0,0,0,0,0,0,0,0,0,0,1,0,0,0
3117,3117,0,10,8,0,5,8,10,0,0,2,1,1,5,3,80,4,10000,5,1,100,0,0,0,0,0,0,0,0,0,0,0,0,0,0,3,0,0,0
3118,3118,0,10,8,0,5,8,10,0,0,2,1,1,5,3,80,4,10000,5,1,100,0,0,0,0,0,0,0,0,0,0,0,0,0,0,4,0,0,0
3119,3119,0,10,8,0,5,8,10,0,0,2,1,1,5,3,80,4,10000,5,1,100,0,0,0,0,0,0,0,0,0,0,0,0,0,0,2,0,0,0
3120,3120,0,10,8,0,5,8,10,0,0,2,1,1,5,3,80,4,10000,5,1,100,0,0,0,0,0,0,0,0,0,0,0,0,0,0,5,0,0,0
3121,3121,0,10,8,0,5,8,10,0,0,2,1,1,5,3,80,4,10000,5,1,100,0,0,0,0,0,0,0,0,0,0,0,0,0,0,6,0,0,0
3122,3122,0,10,8,0,5,8,10,0,0,2,1,1,5,3,80,4,10000,5,1,100,0,0,0,0,0,0,0,0,0,0,0,0,0,0,7,0,0,0
3123,3123,0,10,8,0,0,0,100,0,0,3,1,1,5,0,0,25,12000,0,1,100,0,0,0,0,0,0,0,0,0,0,0,0,0,0,1 2 3 4 5 6 7 24,0,0,0
3124,3124,0,11,8,0,0,0,100,20,0,1,1,1,5,0,0,6,10000,0,1,100,0,0,0,0,0,0,0,0,0,0,0,21,0,100,0,0,0,0
3125,3125,0,11,8,0,0,0,100,20,0,1,1,1,5,0,0,6,10000,0,1,100,0,0,0,0,0,0,0,0,0,0,0,22,0,100,0,0,0,0
3127,3127,0,11,8,0,0,0,100,0,0,2,1,1,5,0,0,4,10000,0,1,100,0,0,0,0,0,0,50,0,0,0,0,0,0,0,0,0,0,0
3128,3128,0,11,8,0,0,0,100,0,0,4,1,1,5,0,0,4,10000,0,1,100,0,0,0,0,0,0,-50,0,0,0,0,0,0,0,0,0,0,0
3129,3129,0,11,8,0,0,0,100,0,0,2,1,1,5,0,0,8,10000,0,1,100,0,0,0,0,0,0,100,0,0,0,0,0,0,0,0,0,0,0
3130,3130,0,11,8,0,0,0,100,0,0,4,1,1,5,0,0,8,10000,0,1,100,0,0,0,0,0,0,-100,0,0,0,0,0,0,0,0,0,0,0
3131,3131,0,1,8,0,50,1,150,0,0,4,1,1,5,2,50,3,10000,5,0,100,0,0,0,0,0,10,0,0,0,0,0,0,0,0,0,0,0,0
3132,3132,0,1,8,0,40,2,150,0,0,4,1,1,5,2,50,3,10000,5,0,100,0,0,0,0,0,10,0,0,0,0,0,0,0,0,0,0,0,0
3133,3133,0,11,8,0,0,0,100,0,0,2,1,1,5,0,0,16,10000,0,1,100,0,0,0,0,0,0,0,0,23,0,100,0,0,0,0,0,0,0
3134,3134,0,11,8,0,0,0,100,0,0,2,1,1,5,0,0,32,10000,0,1,100,0,0,0,0,0,0,0,0,25,0,100,0,0,0,0,0,0,0
3135,3135,0,11,8,0,0,0,100,0,0,1,1,1,5,0,0,6,10000,0,1,100,0,0,0,0,0,0,0,0,0,0,0,26,0,100,0,0,0,0
3136,3136,0,11,0,0,0,0,100,0,0,1,1,1,5,0,0,0,10000,0,1,100,0,0,0,0,0,0,0,0,0,0,0,0,0,0,0,0,0,0
3137,3137,0,11,8,0,0,0,100,0,0,2,1,1,5,4,50,6,8000,0,1,100,0,0,0,0,0,0,0,0,13,10,100,0,0,0,0,0,0,0
3138,3138,0,10,8,0,0,0,100,0,0,3,1,1,5,0,0,25,12000,0,1,100,0,0,0,0,0,0,0,0,0,0,0,0,0,0,16 17 18 19,0,0,0
3500,3500,0,1,8,0,0,0,100,0,0,1,1,1,5,0,0,0,20000,0,1,100,0,0,0,0,0,0,0,0,9 13,50 20,100 100,0,0,0,16,0,0,0
3501,3501,0,1,0,0,0,0,100,0,0,1,1,1,5,0,0,0,20000,0,1,100,0,0,0,0,0,0,0,0,16 17,20 50,100 100,0,0,0,9 13,0,3500 1196,3853
3502,3502,0,1,0,0,0,0,100,0,0,1,1,1,5,0,0,0,10000,0,1,100,0,0,0,0,0,0,0,0,0,0,0,0,0,0,0,0,0,0
3503,3503,0,1,0,0,3,9,100,0,0,1,1,1,5,0,0,0,10000,0,1,100,0,0,0,0,0,0,0,0,0,0,0,0,0,0,16 17,0,0,3852
3504,3504,0,1,15,0,0,0,100,0,0,1,1,1,5,0,0,0,12000,0,1,100,0,0,0,0,0,0,0,0,17 9,10 10,100 100,0,0,0,0,0,0,0
3505,3505,0,1,8,0,30,6,100,0,0,4,1,1,5,0,0,0,10000,0,0,100,0,0,0,0,0,0,0,0,0,0,0,0,0,0,0,0,0,0
3506,3506,0,1,8,0,0,0,100,0,0,1,1,1,5,0,0,0,20000,0,1,100,0,0,0,0,0,0,0,0,9 12,10 10,100 100,0,0,0,0,0,0,0
3507,3507,0,1,8,0,0,0,100,0,0,1,1,1,5,0,0,0,20000,0,1,100,0,0,0,0,0,0,0,0,9 14,10 10,100 100,0,0,0,0,0,0,0
3508,3508,0,1,8,0,0,0,100,0,0,1,1,1,5,0,0,0,20000,0,1,100,0,0,0,0,0,0,0,0,9 11,10 10,100 100,0,0,0,0,0,0,0
3509,3509,0,1,8,0,0,0,100,0,0,1,1,1,5,0,0,0,20000,0,1,100,0,0,0,0,0,0,0,0,9,20,100,0,0,0,0,0,0,0
3510,3510,0,1,8,0,0,0,100,0,0,1,1,1,5,0,0,0,20000,0,1,100,0,0,0,0,0,0,0,0,9 10,10 10,100 100,0,0,0,0,0,0,0
3511,3511,0,1,8,0,0,0,100,0,0,1,1,1,5,0,0,0,20000,0,1,100,0,0,0,0,0,0,0,0,0,0,0,0,0,0,0,16 17 18 19,3507,0
3512,3512,0,1,8,0,35,2,100,0,8,5,1,1,5,0,0,0,13000,5,0,95,1,5,0,0,0,0,0,0,0,0,0,0,0,0,0,0,3508,0
3513,3513,0,1,8,0,65,2,100,0,8,5,1,1,5,0,0,0,13000,5,0,95,1,5,0,0,0,0,0,0,0,0,0,0,0,0,0,0,3508,0
3514,3514,0,1,8,0,25,8,100,0,0,2,1,1,5,0,0,0,10000,5,1,100,0,0,0,0,0,0,0,0,0,0,0,0,0,0,0,0,3510,0
3515,3515,0,1,8,0,30,2,100,0,0,4,1,1,5,0,0,0,10000,5,0,100,1,5,0,0,0,0,0,0,7,0,100,0,0,0,0,0,0,0
3516,3516,0,1,8,0,0,0,100,0,0,1,1,1,5,0,0,0,10000,5,1,100,1,5,0,0,0,0,0,0,7,0,100,0,0,0,0,0,0,0
3517,3517,0,1,8,0,5,8,100,0,0,4,1,1,5,0,0,0,10000,5,1,100,0,0,0,0,0,0,0,0,0,0,0,0,0,0,7,0,0,0
3518,3518,0,1,8,0,5,8,100,0,0,1,1,1,5,0,0,0,10000,5,1,100,0,0,0,0,0,0,0,0,0,0,0,0,0,0,7,0,0,0
3519,3519,0,1,0,0,0,0,100,0,0,1,1,1,5,0,0,0,10000,5,1,100,0,0,0,0,0,0,0,0,0,0,0,0,0,0,0,0,0,0
3520,3520,0,1,8,0,0,0,100,0,0,5,1,1,5,0,0,0,10000,5,1,100,0,0,0,0,0,0,0,0,6,100,100,0,0,0,0,0,0,0
3521,3521,0,1,8,0,100,1,100,0,0,4,1,1,5,0,0,0,10000,5,0,100,0,0,0,0,100,0,0,0,0,0,0,0,0,0,0,0,6020,0
3522,3522,0,1,8,0,0,0,100,0,0,1,1,1,5,0,0,0,20000,0,1,100,0,0,0,0,0,0,0,0,11 16 17 19,100 50 50 50,100 100 100 100,0,0,0,0,0,0,0
3523,3523,0,1,8,0,0,0,100,0,0,5,1,1,5,0,0,0,10000,0,1,100,0,0,0,0,0,0,0,0,1,0,100,0,0,0,0,0,0,342
3524,3524,0,1,8,0,0,0,100,0,0,5,1,1,5,0,0,0,10000,0,1,100,0,0,0,0,0,0,0,0,2,0,100,0,0,0,0,0,0,343
3525,3525,0,1,8,0,0,0,100,0,0,5,1,1,5,0,0,0,10000,0,1,100,0,0,0,0,0,0,0,0,7,0,100,0,0,0,0,0,0,344
3526,3526,0,1,0,0,0,0,100,0,0,1,1,1,5,0,0,0,10000,0,1,100,0,0,0,0,0,0,0,0,0,0,0,0,0,0,0,0,0,341
3527,3527,0,1,8,0,0,0,100,0,0,1,1,1,5,0,0,0,10000,0,1,100,0,0,0,0,0,0,0,0,11 17,20 10,100 100,0,0,0,0,0,0,0
3528,3528,0,1,8,0,0,0,100,0,0,4,1,1,5,0,0,0,10000,0,1,100,0,0,0,0,0,0,0,0,2 9 17,0 10 10,100 100 100,0,0,0,0,0,0,0
3529,3529,0,1,8,0,0,0,100,0,0,5,1,1,5,0,0,0,10000,5,1,100,0,0,0,0,0,0,0,0,13 8,0 0,100 30,0,0,0,0,0,0,0
3530,3530,0,1,0,0,50,9,100,0,0,1,1,1,5,0,0,0,20000,0,1,100,0,0,0,0,0,0,0,0,0,0,0,0,0,0,0,0,0,0
3531,3531,0,1,0,0,0,0,100,0,0,1,1,1,5,0,0,0,10000,0,1,100,0,0,0,0,0,0,0,0,17 12,30 30,100 100,0,0,0,0,0,0,0
3532,3532,0,1,0,0,0,0,100,0,0,5,1,1,5,0,0,0,0,0,1,100,0,0,0,0,0,0,0,0,12,100,100,12,100,100,0,0,0,0
3533,3533,0,1,0,0,0,0,100,0,0,1,1,1,5,0,0,0,10000,0,1,100,0,0,0,0,0,0,0,0,0,0,0,0,0,0,0,0,0,0
3534,3534,0,1,8,0,0,0,100,0,0,1,1,1,5,0,0,0,20000,0,1,100,0,0,0,0,0,0,0,0,0,0,0,9 15,100 100,100 100,0,0,0,0
3535,3535,0,1,8,0,0,0,100,0,0,1,1,1,5,0,0,0,10000,0,1,100,0,0,0,0,0,0,0,0,0,0,0,12,100,100,0,0,0,3504
3536,3536,0,1,15,0,100,9,100,0,0,3,1,1,5,0,0,0,20000,0,1,100,0,0,0,0,0,0,0,0,9 11 12,100 100 100,100 100 100,0,0,0,0,0,0,0
3537,3537,0,1,8,0,0,0,100,0,0,1,1,1,5,0,0,0,10000,0,1,100,0,0,0,0,0,0,0,0,0,0,0,12,100,100,0,0,0,3505
3538,3538,0,1,8,0,0,0,100,0,0,1,1,1,5,0,0,0,10000,0,1,100,0,0,0,0,0,0,0,0,0,0,0,11,100,100,0,0,0,7391
3539,3539,0,1,8,0,0,0,100,0,0,1,1,1,5,0,0,0,10000,0,1,100,0,0,0,0,0,0,0,0,0,0,0,10,100,100,0,0,0,7393
3540,3540,0,1,8,0,0,0,100,0,0,1,1,1,5,0,0,0,10000,0,1,100,0,0,0,0,0,0,0,0,0,0,0,14,25,100,0,0,0,7395
3541,3541,0,1,8,0,0,0,100,0,0,1,1,1,5,0,0,0,10000,0,1,100,0,0,0,0,0,0,0,0,0,0,0,11,50,100,0,0,0,7392
3542,3542,0,1,8,0,0,0,100,0,0,1,1,1,5,0,0,0,10000,0,1,100,0,0,0,0,0,0,0,0,0,0,0,10,50,100,0,0,0,7394
3543,3543,0,1,8,0,0,0,100,0,0,1,1,1,5,0,0,0,10000,0,1,100,0,0,0,0,0,0,0,0,0,0,0,14,25,100,0,0,0,7396
3544,3544,0,1,0,0,0,0,100,0,0,1,1,1,5,0,0,0,10000,0,1,100,0,0,0,0,0,0,0,0,0,0,0,12,100,100,0,0,0,0
3545,3545,0,1,0,0,0,0,100,0,0,5,1,1,5,0,0,0,10000,0,1,100,0,0,0,0,0,0,100,0,0,0,0,0,0,0,0,0,0,0
3546,3546,0,1,0,0,0,0,100,0,0,1,1,1,5,0,0,0,10000,0,1,100,0,0,0,0,0,0,0,0,0,0,0,9,100,100,0,0,0,493
3547,3547,0,1,0,0,0,0,100,0,0,1,1,1,5,0,0,0,20000,0,1,100,0,0,3,0,0,0,0,0,0,0,0,9,15,100,0,0,0,0
3548,3548,0,1,0,0,0,0,100,0,0,1,1,1,5,0,0,0,20000,0,1,100,0,0,6,0,0,0,0,0,0,0,0,9 26,20 0,100 100,0,0,0,0
3549,3549,0,1,0,0,0,0,100,0,0,1,1,1,5,0,0,0,20000,0,1,100,0,0,10,0,0,0,0,0,0,0,0,9 22 26,25 0 0,100 100 100,0,0,0,0
3550,3550,0,1,0,0,10,9,100,0,0,1,1,1,5,0,0,0,20000,0,1,100,0,0,0,0,0,0,0,0,0,0,0,0,0,0,0,0,0,0
3551,3551,0,1,0,0,0,0,100,0,0,1,1,1,5,0,0,0,10000,0,1,100,0,0,0,0,0,0,0,0,0,0,0,9,100,100,0,0,0,4162
3552,3552,0,1,0,0,0,0,100,0,0,1,1,1,5,0,0,0,10000,0,1,100,0,0,0,0,0,0,0,0,0,0,0,11,100,100,0,0,0,4163
3553,3553,0,1,0,0,0,0,100,0,0,1,1,1,5,0,0,0,10000,0,1,100,0,0,0,0,0,0,0,0,0,0,0,9,100,100,0,0,0,883
3554,3554,0,1,0,0,0,0,100,0,0,1,1,1,5,0,0,0,10000,0,1,100,0,0,0,0,0,0,0,0,0,0,0,10,100,100,0,0,0,884
3555,3555,0,1,0,0,0,0,100,0,0,1,1,1,5,0,0,0,10000,0,1,100,0,0,0,0,0,0,0,0,0,0,0,9 12 15,100 100 100,100 100 100,0,0,0,885
3556,3556,0,1,0,0,0,0,100,0,0,1,1,1,5,0,0,0,10000,0,1,100,0,0,0,0,0,0,0,0,0,0,0,11,100,100,0,0,0,1262
3557,3557,0,1,0,0,0,0,100,0,0,1,1,1,5,0,0,0,10000,0,1,100,0,0,0,0,0,0,0,0,0,0,0,10,100,100,0,0,0,1263
3558,3558,0,1,15,0,0,0,100,0,0,3,1,1,5,0,0,0,10000,0,1,100,0,0,0,0,0,0,0,0,18 12,20 20,100 100,0,0,0,0,0,0,0
3559,3559,0,1,0,0,0,0,100,0,0,1,1,1,5,0,0,0,20000,0,1,100,0,0,0,0,0,0,0,0,0,0,0,26,0,100,0,0,0,0
3560,3560,0,1,0,0,0,0,100,0,0,1,1,1,5,0,0,0,20000,0,1,100,0,0,0,0,0,0,0,0,0,0,0,17 18 24,50 50 0,100 100 100,0,0,0,7343
3561,3561,0,1,0,0,0,0,100,0,0,1,1,1,5,0,0,0,10000,0,1,100,0,0,0,0,0,0,0,0,0,0,0,0,0,0,0,17 18 24,0,7341
3562,3562,0,1,0,0,0,0,100,0,0,1,1,1,5,0,0,0,10000,0,1,100,0,0,0,0,0,0,0,0,0,0,0,17 18 24,50 50 0,100 100 100,0,0,0,7344
3563,3563,0,1,0,0,0,0,100,0,0,1,1,1,5,0,0,0,10000,0,1,100,0,0,0,0,0,0,0,0,0,0,0,0,0,0,0,17 18,0,7342
3564,3564,0,1,8,0,666,7,100,0,0,4,1,1,5,0,0,0,10000,0,0,100,0,0,0,100,0,0,0,0,0,0,0,0,0,0,0,0,0,0
3565,3565,0,1,15,0,0,0,100,0,0,1,1,1,5,0,0,0,10000,0,1,100,0,0,0,0,0,0,0,0,0,0,0,9 11,100 100,100 100,0,0,0,0
3566,3566,0,2,8,0,75,1,100,0,1,5,1,1,5,2,50,9,11000,5,0,95,1,5,0,0,0,0,0,0,2,0,30,0,0,0,0,0,0,0
3567,3567,0,3,8,0,65,2,100,0,2,5,1,1,5,2,50,10,13000,5,0,95,1,5,0,0,0,0,0,0,4,0,30,0,0,0,0,0,0,0
3568,3568,0,4,8,0,65,2,100,25,3,5,1,1,5,2,50,10,13000,5,0,95,1,5,0,0,0,0,0,0,1,0,30,0,0,0,0,0,0,0
3569,3569,0,5,8,0,75,1,100,0,4,5,1,1,5,2,50,10,13000,5,0,95,1,5,0,0,0,0,0,0,3,0,30,0,0,0,0,0,0,0
3570,3570,0,6,8,0,75,1,100,50,5,5,1,1,5,2,50,10,13000,5,0,95,1,5,0,0,0,0,0,0,5,0,30,0,0,0,0,0,0,0
3571,3571,0,7,8,0,75,1,100,0,6,5,1,1,5,2,50,10,13000,5,0,95,1,5,0,0,0,0,0,0,7,0,30,0,0,0,0,0,0,0
3572,3572,0,8,8,0,65,2,100,10,7,5,1,1,5,2,50,10,13000,5,0,95,1,5,0,0,0,0,0,0,6,0,30,0,0,0,0,0,0,0
3573,3573,0,9,8,0,65,2,100,0,8,5,1,1,5,2,50,10,13000,5,0,95,1,5,0,0,0,0,0,0,8,0,10,0,0,0,0,0,0,0
3574,3574,0,1,8,0,75,1,100,0,0,5,1,1,5,2,50,10,13000,5,0,95,1,5,0,50,0,0,0,0,0,0,0,0,0,0,0,0,0,0
3575,3575,0,1,8,0,0,0,100,0,0,1,1,1,5,0,0,0,10000,0,1,100,0,0,0,0,0,0,0,0,0,0,0,9 18,100 100,100 100,0,11 16,0,392
3576,3576,0,1,8,0,0,0,100,0,0,1,1,1,5,0,0,0,10000,0,1,100,0,0,0,0,0,0,0,0,0,0,0,11 16,100 100,100 100,0,9 18,0,391
3577,3577,0,1,0,0,0,0,100,0,0,1,1,1,5,0,0,0,10000,0,1,100,0,0,5,0,0,0,0,0,0,0,0,15,100,100,0,0,0,0
3578,3578,0,1,0,0,0,0,100,0,0,1,1,1,5,0,0,0,0,0,1,100,0,0,0,0,0,0,0,0,0,0,0,0,0,0,0,0,0,0
3579,3579,0,1,0,0,0,0,100,0,0,1,1,1,5,0,0,0,0,0,1,100,0,0,0,0,0,0,0,0,0,0,0,0,0,0,0,0,0,0
3580,3580,0,1,0,0,0,0,100,0,0,1,1,1,5,0,0,0,0,0,1,100,0,0,0,0,0,0,0,0,0,0,0,0,0,0,0,0,0,0
3581,3581,0,1,0,0,0,0,100,0,0,1,1,1,5,0,0,0,0,0,1,100,0,0,0,0,0,0,0,0,0,0,0,0,0,0,0,0,0,0
3582,3582,0,1,0,0,0,0,100,0,0,1,1,1,5,0,0,0,10000,0,1,100,0,0,0,0,0,0,0,0,0,0,0,0,0,0,0,0,6036 6036 6036,372
3583,3583,0,1,0,0,0,0,100,0,0,1,1,1,5,0,0,0,10000,0,1,100,0,0,0,0,0,0,0,0,0,0,0,0,0,0,0,0,0,0
3584,3584,0,1,0,0,0,0,100,0,0,1,1,1,5,0,0,0,10000,0,1,100,0,0,0,0,0,0,0,0,0,0,0,0,0,0,0,0,0,371
3585,3585,0,1,0,0,0,0,100,0,0,1,1,1,5,0,0,0,20000,0,1,100,0,0,0,0,0,0,0,0,0,0,0,0,0,0,0,0,0,0
3586,3586,0,1,0,0,0,0,100,0,0,1,1,1,5,0,0,0,20000,0,1,100,0,0,0,0,0,0,0,0,0,0,0,0,0,0,0,0,0,0
3587,3587,0,1,0,0,0,0,100,0,0,1,1,1,5,0,0,0,20000,0,1,100,0,0,0,0,0,0,0,0,0,0,0,0,0,0,0,0,0,0
3588,3588,0,1,0,0,0,0,100,0,0,1,1,1,5,0,0,0,20000,0,1,100,0,0,0,0,0,0,0,0,0,0,0,0,0,0,0,0,0,0
3589,3589,0,1,0,0,0,0,100,0,0,1,1,1,5,0,0,0,20000,0,1,100,0,0,0,0,0,0,0,0,0,0,0,0,0,0,0,0,0,0
3590,3590,0,1,8,0,0,0,100,0,0,1,1,1,5,0,0,0,20000,0,1,100,0,0,0,0,0,0,0,0,0,0,0,12,100,100,0,0,0,0
3591,3591,0,1,15,0,0,0,100,0,0,3,1,1,5,0,0,0,10000,0,1,100,0,0,0,0,0,0,0,0,9 11 12,100 100 100,100 100 100,0,0,0,0,0,0,0
3592,3592,0,1,15,0,10,9,100,0,0,3,1,1,5,0,0,0,10000,0,1,100,0,0,0,0,0,0,0,0,0,0,0,0,0,0,9 11 12,0,0,0
3593,3593,0,1,8,0,0,0,100,0,0,1,1,1,5,0,0,0,10000,0,1,100,0,0,0,0,0,0,0,0,0,0,0,9,20,100,0,0,0,401
3594,3594,0,1,8,0,0,0,100,0,0,1,1,1,5,0,0,0,10000,0,1,100,0,0,0,0,0,0,0,0,0,0,0,9 21,40 0,100 100,0,0,0,401
3595,3595,0,1,8,0,0,0,100,0,0,1,1,1,5,0,0,0,10000,0,1,100,0,0,0,0,0,0,0,0,0,0,0,9 15 20,100 100 0,100 100 100,0,0,0,401
3596,3596,0,1,0,0,5,9,100,0,0,1,1,1,5,0,0,0,10000,0,1,100,0,0,0,0,0,0,0,0,0,0,0,0,0,0,0,0,0,402
3597,3597,0,1,0,0,100,9,100,0,0,1,1,1,5,0,0,0,10000,0,1,100,0,0,0,0,0,0,0,0,0,0,0,0,0,0,0,0,0,6882
3598,3598,0,1,0,0,100,9,100,0,0,1,1,1,5,0,0,0,10000,0,1,100,0,0,0,0,0,0,0,0,0,0,0,0,0,0,0,0,0,7492
3599,3599,0,1,0,0,0,0,100,0,0,1,1,1,5,0,0,0,10000,0,1,100,0,0,0,0,0,0,0,0,0,0,0,11,30,100,0,14,0,7331
3600,3600,0,1,0,0,0,0,100,0,0,1,1,1,5,0,0,0,10000,0,1,100,0,0,0,0,0,0,0,0,0,0,0,14,30,100,0,11,0,7332
3601,3601,0,1,0,0,10,9,100,0,0,1,1,1,5,0,0,0,10000,0,1,100,0,0,0,0,0,0,0,0,0,0,0,0,0,0,0,0,0,0
3602,3602,0,1,15,0,0,0,100,0,0,1,1,1,5,0,0,0,10000,0,1,100,0,0,0,0,0,0,0,0,0,0,0,12,30,100,0,0,0,7481
3603,3603,0,1,15,0,0,0,100,0,0,1,1,1,5,0,0,0,10000,0,1,100,0,0,0,0,0,0,0,0,0,0,0,9,30,100,0,0,0,7482
3604,3604,0,1,15,0,0,0,100,0,0,1,1,1,5,0,0,0,10000,0,1,100,0,0,0,0,0,0,0,0,0,0,0,11,30,100,0,0,0,7483
3605,3605,0,1,15,0,0,0,100,0,0,1,1,1,5,0,0,0,10000,0,1,100,0,0,0,0,0,0,0,0,0,0,0,15,100,100,0,0,0,7484
3606,3606,0,1,0,0,0,0,100,0,0,1,1,1,5,0,0,0,0,0,1,100,0,0,0,0,0,0,0,0,0,0,0,0,0,0,0,0,0,0
3607,3607,0,1,0,0,0,0,100,0,0,1,1,1,5,0,0,0,10000,0,1,100,0,0,0,0,0,0,0,0,0,0,0,0,0,0,0,0,0,0
3608,3608,0,1,0,0,0,0,100,0,0,1,1,1,5,0,0,0,10000,0,1,100,0,0,0,0,0,0,0,0,0,0,0,0,0,0,0,0,0,0
3609,3609,0,1,0,0,0,0,100,0,0,1,1,1,5,0,0,0,20000,0,1,100,0,0,0,0,0,0,0,0,0,0,0,0,0,0,0,0,0,0
3610,3610,0,1,0,0,1,15,100,0,0,1,1,1,5,0,0,0,20000,0,1,100,0,0,0,0,0,0,0,0,0,0,0,0,0,0,0,0,0,0
3611,3611,0,1,0,0,0,0,100,0,0,1,1,1,5,0,0,0,0,0,1,100,0,0,0,0,0,0,0,0,0,0,0,0,0,0,0,0,0,0
3612,3612,0,1,0,0,6666,7,100,0,0,1,1,1,5,0,0,0,10000,0,1,100,0,0,0,0,0,0,0,0,0,0,0,0,0,0,0,0,0,0
3613,3613,0,1,0,0,0,0,100,0,0,1,1,1,5,0,0,0,20000,0,1,100,0,0,0,0,0,0,0,0,0,0,0,0,0,0,0,0,0,4351
3614,3614,0,1,0,0,0,0,100,0,0,1,1,1,5,0,0,0,20000,0,1,100,0,0,0,0,0,0,0,0,0,0,0,0,0,0,0,0,0,0
3615,3615,0,1,0,0,0,0,100,0,0,1,1,1,5,0,0,0,20000,0,1,100,0,0,0,0,0,0,0,0,0,0,0,12,100,100,0,0,0,0
3616,3616,0,1,8,0,1,15,100,0,0,4,1,1,5,0,0,0,10000,0,0,100,0,0,0,100,0,0,0,0,0,0,0,0,0,0,0,0,0,0
3617,3617,0,9,8,0,140,1,100,0,8,4,1,1,5,0,0,0,0,5,0,100,1,5,0,0,0,0,0,0,8,0,100,0,0,0,0,0,0,0
3618,3618,0,1,0,0,100,9,100,0,0,5,1,1,5,0,0,0,10000,0,1,100,0,0,0,0,0,0,0,0,12 18,100 50,100 100,0,0,0,0,0,0,0
3619,3619,0,1,0,0,1,15,100,0,0,5,1,1,5,0,0,0,10000,0,1,100,0,0,0,0,0,0,0,0,9 17,100 50,100 100,0,0,0,0,0,0,0
3620,3620,0,1,0,0,100,6,100,0,0,5,1,1,5,0,0,0,10000,0,1,100,0,0,0,0,0,0,0,0,10 19,100 50,100 100,0,0,0,0,0,0,0
3621,3621,0,1,0,0,100,10,100,0,0,5,1,1,5,0,0,0,10000,0,1,100,0,0,0,0,0,0,0,0,11 16,100 50,100 100,0,0,0,0,0,0,0
3622,3622,0,1,0,0,0,0,100,0,0,1,1,1,5,0,0,0,20000,0,1,100,0,0,0,0,0,0,0,0,0,0,0,0,0,0,0,0,0,0
3623,3623,0,1,0,0,50,1,100,0,0,5,1,1,5,0,0,0,10000,5,0,100,1,5,0,0,0,0,0,0,0,0,0,0,0,0,0,0,0,0
3624,3624,0,1,0,0,0,0,100,0,0,1,1,1,5,0,0,0,20000,0,1,100,0,0,0,0,0,0,0,0,0,0,0,26,0,100,0,0,0,8072
3625,3625,0,1,7,0,100,4,100,0,0,4,1,1,5,0,0,0,10000,5,0,100,1,5,0,0,50,0,0,0,0,0,0,0,0,0,0,0,0,0
3626,3626,0,1,7,0,100,3,100,0,0,4,1,1,5,0,0,0,10000,5,0,100,1,5,0,100,0,0,0,0,0,0,0,0,0,0,0,0,0,0
3627,3627,0,1,0,0,0,0,100,0,0,1,1,1,5,0,0,0,20000,0,1,100,0,0,0,0,0,0,0,0,0,0,0,0,0,0,0,0,0,0
3628,3628,0,1,0,0,100,9,100,0,0,1,1,1,5,0,0,0,20000,0,1,100,0,0,0,0,0,0,0,0,0,0,0,0,0,0,0,0,0,0
3629,3629,0,1,0,0,0,0,100,0,0,1,1,1,5,0,0,0,20000,0,1,100,0,0,0,0,0,0,0,0,0,0,0,0,0,0,0,0,0,0
3630,3630,0,1,0,0,100,9,100,0,0,1,1,1,5,0,0,0,20000,0,1,100,0,0,0,0,0,0,0,0,0,0,0,0,0,0,0,0,0,0
3631,3631,0,1,8,0,0,0,100,0,0,5,1,1,5,0,0,0,10000,0,1,100,0,0,0,0,0,0,0,0,7,0,100,0,0,0,0,0,0,0
3632,3632,0,1,8,0,25,11,100,0,0,3,1,1,5,0,0,0,10000,0,1,100,0,0,0,0,0,0,25,0,0,0,0,0,0,0,0,0,0,0
3633,3633,0,1,0,0,30,9,100,0,0,1,1,1,5,0,0,0,10000,0,1,100,0,0,0,0,0,0,0,0,0,0,0,0,0,0,0,0,0,0
3634,3634,0,1,0,0,30,9,100,0,0,1,1,1,5,0,0,0,10000,0,1,100,0,0,0,0,0,0,0,0,0,0,0,0,0,0,0,0,0,0
3635,3635,0,1,0,0,0,0,100,0,0,1,1,1,5,0,0,0,20000,0,1,100,0,0,0,0,0,0,0,0,9 18,10 10,100 100,0,0,0,0,0,0,0
3636,3636,0,1,0,0,0,0,100,0,0,1,1,1,5,0,0,0,20000,0,1,100,0,0,0,0,0,0,0,0,11 17,10 10,100 100,0,0,0,0,0,0,0
3637,3637,0,1,8,0,0,0,100,0,0,5,1,1,5,0,0,0,10000,0,1,100,0,0,0,0,0,0,0,0,0,0,0,0,0,0,7,0,0,0
3638,3638,0,1,8,0,30,9,100,0,0,1,1,1,5,0,0,0,10000,0,1,100,0,0,0,0,0,0,0,0,0,0,0,0,0,0,0,0,0,0
3639,3639,0,1,8,0,50,1,100,0,0,4,1,1,5,0,0,0,10000,5,0,100,0,0,0,0,20,0,0,0,0,0,0,0,0,0,0,0,0,0
3640,3640,0,11,0,0,0,0,100,0,0,3,1,1,5,4,80,20,10000,0,1,100,0,0,0,0,0,0,0,0,9,10,100,0,0,0,0,0,0,0
3641,3641,0,11,0,0,0,0,100,0,0,3,1,1,5,4,80,20,10000,0,1,100,0,0,0,0,0,0,0,0,10,10,100,0,0,0,0,0,0,0
3642,3642,0,11,0,0,0,0,100,0,0,3,1,1,5,4,80,20,10000,0,1,100,0,0,0,0,0,0,0,0,11,10,100,0,0,0,0,0,0,0
3643,3643,0,11,0,0,0,0,100,0,0,3,1,1,5,4,80,20,10000,0,1,100,0,0,0,0,0,0,0,0,12,10,100,0,0,0,0,0,0,0
3644,3644,0,1,0,0,0,0,100,0,0,1,1,1,5,0,0,0,10000,0,1,100,0,0,0,0,0,0,0,0,0,0,0,9,5,100,0,0,0,0
3645,3645,0,1,0,0,0,0,100,0,0,1,1,1,5,0,0,0,10000,0,1,100,0,0,0,0,0,0,0,0,0,0,0,12,5,100,0,0,0,0
3646,3646,0,1,0,0,0,0,100,0,0,1,1,1,5,0,0,0,9000,0,1,100,0,0,0,0,0,0,0,0,0,0,0,0,0,0,0,0,0,0
3647,3647,0,1,0,0,0,0,100,0,0,1,1,1,5,0,0,0,8000,0,1,100,0,0,0,0,0,0,0,0,0,0,0,0,0,0,0,0,0,0
3648,3648,0,1,0,0,0,0,100,0,0,1,1,1,5,0,0,0,7000,0,1,100,0,0,0,0,0,0,0,0,0,0,0,0,0,0,0,0,0,0
3649,3649,0,1,0,0,0,0,100,0,0,1,1,1,5,0,0,0,0,0,1,100,0,0,0,0,0,0,0,0,0,0,0,9,5,100,0,0,0,0
3650,3650,0,1,0,0,0,0,100,0,0,1,1,1,5,0,0,0,0,0,1,100,0,0,0,0,0,0,0,0,0,0,0,12,5,100,0,0,0,0
3651,3651,0,1,0,0,5,8,100,0,0,1,1,1,5,0,0,0,10000,0,1,100,0,0,0,0,0,0,0,0,0,0,0,0,0,0,0,16 17 18 19,0,0
3652,3652,0,1,0,0,0,0,100,0,0,1,1,1,5,0,0,0,8000,0,1,100,0,0,0,0,0,0,0,0,0,0,0,9,10,100,0,0,3644 3646 3647 3648 3649 6050 3651,0
3653,3653,0,1,0,0,0,0,100,0,0,1,1,1,5,0,0,0,8000,0,1,100,0,0,0,0,0,0,0,0,0,0,0,9,10,100,0,0,3644 3646 3647 3648 3649 6051 3651,0
3654,3654,0,1,0,0,0,0,100,0,0,1,1,1,5,0,0,0,8000,0,1,100,0,0,0,0,0,0,0,0,0,0,0,9,10,100,0,0,3644 3646 3647 3648 3649 6052 3651,0
3655,3655,0,1,0,0,0,0,100,0,0,1,1,1,5,0,0,0,8000,0,1,100,0,0,0,0,0,0,0,0,0,0,0,9,10,100,0,0,3644 3646 3647 3648 3649 6053 3651,0
3656,3656,0,1,0,0,0,0,100,0,0,1,1,1,5,0,0,0,8000,0,1,100,0,0,0,0,0,0,0,0,0,0,0,12,10,100,0,0,3645 3646 3647 3648 3650 6054 3078,0
3657,3657,0,1,0,0,0,0,100,0,0,1,1,1,5,0,0,0,8000,0,1,100,0,0,0,0,0,0,0,0,0,0,0,12,10,100,0,0,3645 3646 3647 3648 3650 6055 3079,0
3658,3658,0,1,0,0,0,0,100,0,0,1,1,1,5,0,0,0,8000,0,1,100,0,0,0,0,0,0,0,0,0,0,0,12,10,100,0,0,3645 3646 3647 3648 3650 6056 3080,0
3659,3659,0,1,0,0,0,0,100,0,0,1,1,1,5,0,0,0,8000,0,1,100,0,0,0,0,0,0,0,0,0,0,0,12,10,100,0,0,3645 3646 3647 3648 3650 6057 3080,0
3660,3660,0,1,15,0,0,0,100,0,0,5,1,1,5,0,0,0,0,0,1,100,0,0,0,0,0,0,0,0,17 18,30 30,100 100,0,0,0,0,0,0,0
3661,3661,0,1,15,0,0,0,100,0,0,3,1,1,5,0,0,0,0,0,1,100,0,0,0,0,0,0,0,0,9 12,30 30,100 100,0,0,0,0,0,0,0
3662,3662,0,1,15,0,0,0,100,0,0,2,1,1,5,0,0,0,0,0,1,100,0,0,0,0,0,0,0,0,9 17,50 30,100 100,0,0,0,0,0,0,9102
3663,3663,0,1,15,0,0,0,100,0,0,2,1,1,5,0,0,0,0,0,1,100,0,0,0,0,0,0,0,0,12 16,50 30,100 100,0,0,0,0,0,0,9101
3664,3664,0,1,15,0,0,0,100,0,0,2,1,1,5,0,0,0,0,0,1,100,0,0,0,0,0,0,0,0,9 17 26,10 10 0,100 100 100,0,0,0,0,0,0,0
3665,3665,0,1,15,0,0,0,100,0,0,2,1,1,5,0,0,0,0,0,1,100,0,0,0,0,0,0,0,0,9 17 26,10 10 0,100 100 100,0,0,0,0,0,0,9112
3666,3666,0,1,15,0,0,0,100,0,0,2,1,1,5,0,0,0,0,0,1,100,0,0,0,0,0,0,0,0,9 17 26,30 30 0,100 100 100,0,0,0,0,0,0,0
3667,3667,0,1,8,0,0,0,100,0,0,5,1,1,5,0,0,0,10000,0,1,100,0,0,0,0,0,0,0,0,2 9 17 18,0 10 20 20,100 100 100 100,0,0,0,0,0,0,0
3668,3668,0,1,8,0,0,0,100,0,0,1,1,1,5,0,0,0,12000,0,1,100,0,0,0,0,0,0,0,0,9 18 22,30 10 0,100 100 100,0,0,0,0,0,0,312
3669,3669,0,1,8,0,0,0,100,0,0,1,1,1,5,0,0,0,12000,0,1,100,0,0,0,0,0,0,0,0,11 17 21,30 10 0,100 100 100,0,0,0,0,0,0,313
3670,3670,0,1,8,0,0,0,100,0,0,1,1,1,5,0,0,0,12000,0,1,100,0,0,0,0,0,0,0,0,20 9,0 30,100 100,0,0,0,0,0,0,314
3671,3671,0,1,8,0,0,0,100,0,0,1,1,1,5,0,0,0,12000,0,1,100,0,0,0,0,0,0,0,0,9 17,30 30,100 100,0,0,0,0,0,0,9122
3672,3672,0,1,0,0,0,0,100,0,0,1,1,1,5,0,0,0,8000,0,1,100,0,0,0,0,0,0,0,0,0,0,0,0,0,0,9 17,0,0,9121
3673,3673,0,1,0,0,0,0,100,0,0,1,1,1,5,0,0,0,10000,0,1,100,0,0,0,0,0,0,0,0,0,0,0,0,0,0,0,0,0,8143
3674,3674,0,1,8,0,5,8,100,0,0,3,1,1,5,0,0,0,10000,0,1,100,0,0,0,0,0,0,0,0,0,0,0,0,0,0,0,0,0,8151
3675,3675,0,1,8,0,50,9,100,0,0,1,1,1,5,0,0,0,10000,0,1,100,0,0,0,0,0,0,0,0,0,0,0,0,0,0,0,0,0,8141
3676,3676,0,1,0,0,0,0,100,0,0,1,1,1,5,0,0,0,8000,0,1,100,0,0,0,0,0,0,0,0,0,0,0,0,0,0,0,0,0,0
3677,3677,0,1,0,0,0,0,100,0,0,1,1,1,5,0,0,0,8000,0,1,100,0,0,0,0,0,0,0,0,0,0,0,0,0,0,0,0,0,0
3678,3678,0,1,0,0,0,0,100,0,0,1,1,1,5,0,0,0,8000,0,1,100,0,0,0,0,0,0,0,0,0,0,0,0,0,0,0,0,0,0
3679,3679,0,1,0,0,0,0,100,0,0,1,1,1,5,0,0,0,8000,0,1,100,0,0,0,0,0,0,0,0,0,0,0,0,0,0,0,0,0,0
3680,3680,0,1,0,0,0,0,100,0,0,1,1,1,5,0,0,0,8000,0,1,100,0,0,0,0,0,0,0,0,0,0,0,0,0,0,0,0,0,0
3681,3681,0,1,0,0,0,0,100,0,0,1,1,1,5,0,0,0,8000,0,1,100,0,0,0,0,0,0,0,0,0,0,0,0,0,0,0,0,0,0
3682,3682,0,1,0,0,0,0,100,0,0,1,1,1,5,0,0,0,8000,0,1,100,0,0,0,0,0,0,0,0,0,0,0,0,0,0,0,0,0,0
3683,3683,0,1,0,0,0,0,100,0,0,1,1,1,5,0,0,0,12000,0,1,100,0,0,0,0,0,0,0,0,0,0,0,16 17 18,50 50 50,100 100 100,0,0,0,0
3684,3684,0,1,0,0,0,0,100,0,0,1,1,1,5,0,0,0,10000,0,1,100,0,0,0,0,0,0,0,0,0,0,0,0,0,0,0,0,0,0
3685,3685,0,1,0,0,0,0,100,0,0,1,1,1,5,0,0,0,12000,0,1,100,0,0,0,0,0,0,0,0,0,0,0,0,0,0,0,0,0,0
3686,3686,0,1,0,0,0,0,100,0,0,1,1,1,5,0,0,0,12000,0,1,100,0,0,0,0,0,0,0,0,0,0,0,0,0,0,0,0,0,0
3687,3687,0,1,8,0,100,9,100,0,0,1,1,1,5,0,0,0,12000,0,1,100,0,0,0,0,0,0,0,0,0,0,0,0,0,0,0,16 17 18,0,8167
3688,3688,0,1,8,0,100,9,100,0,0,1,1,1,5,0,0,0,10000,0,1,100,0,0,0,0,0,0,0,0,0,0,0,0,0,0,0,16 17 18,0,8168
3689,3689,0,1,8,0,0,0,100,0,0,1,1,1,5,0,0,0,12000,0,1,100,0,0,0,0,0,0,0,0,9 18,30 30,100 100,0,0,0,0,0,0,8163
3690,3690,0,1,8,0,0,0,100,0,0,1,1,1,5,0,0,0,0,0,1,100,0,0,0,0,0,0,0,0,0,0,0,9 17 26,30 30 0,100 100 100,0,0,0,0
3691,3691,0,1,8,0,0,0,100,0,0,1,1,1,5,0,0,0,12000,0,1,100,0,0,0,0,0,0,0,0,11 17,30 30,100 100,0,0,0,0,0,0,8164
3692,3692,0,1,8,0,10,8,100,0,0,1,1,1,5,0,0,0,0,0,1,100,0,0,0,0,0,0,0,0,0,0,0,0,0,0,0,0,0,0
3693,3693,0,1,8,0,0,0,100,0,0,1,1,1,5,0,0,0,10000,0,1,100,0,0,0,0,0,0,0,0,10 11,10 10,100 100,0,0,0,0,0,0,8165
3694,3694,0,1,8,0,0,0,100,0,0,5,1,1,5,0,0,0,0,0,1,100,0,0,0,0,0,0,0,0,18 19,10 10,100 100,0,0,0,0,0,0,0
3695,3695,0,1,8,0,0,0,100,0,0,1,1,1,5,0,0,0,8000,0,1,100,0,0,0,0,0,0,0,0,20,0,100,0,0,0,0,0,0,8166
3696,3696,0,1,8,0,0,0,100,0,0,5,1,1,5,0,0,0,10000,0,1,100,0,0,0,0,0,0,0,0,2 9 17 18,0 10 20 20,100 100 100 100,0,0,0,0,0,0,0
3697,3697,0,1,0,0,100,12,100,0,0,1,1,1,5,0,0,0,10000,0,1,100,0,0,0,0,0,0,0,0,0,0,0,0,0,0,0,9 10 11 17 18,0,8161
3698,3698,0,1,0,0,0,0,100,0,0,1,1,1,5,0,0,0,0,0,1,100,0,0,0,0,0,0,0,0,0,0,0,0,0,0,0,0,0,0
3699,3699,0,1,0,0,0,0,100,0,0,1,1,1,5,0,0,0,0,0,1,100,0,0,0,0,0,0,0,0,0,0,0,0,0,0,0,0,0,0
3700,3700,0,1,0,0,0,0,100,0,0,1,1,1,5,0,0,0,0,0,1,100,0,0,0,0,0,0,0,0,0,0,0,0,0,0,0,0,0,0
3701,3701,0,1,0,0,0,0,100,0,0,1,1,1,5,0,0,0,0,0,1,100,0,0,0,0,0,0,0,0,0,0,0,0,0,0,0,0,0,0
3702,3702,0,1,0,0,0,0,100,0,0,1,1,1,5,0,0,0,0,0,1,100,0,0,0,0,0,0,0,0,0,0,0,0,0,0,0,0,0,8152
3703,3703,0,1,0,0,0,0,100,0,0,1,1,1,5,0,0,0,0,0,1,100,0,0,0,0,0,0,0,0,0,0,0,0,0,0,0,0,0,8153
3704,3704,0,1,8,0,50,9,100,0,0,1,1,1,5,0,0,0,10000,0,1,100,0,0,0,0,0,0,0,0,0,0,0,0,0,0,0,0,0,8142
3705,3705,0,1,8,0,0,0,100,0,0,5,1,1,5,0,0,0,12000,0,1,100,0,0,0,0,0,0,0,0,2 4,0 0,50 50,0,0,0,0,0,0,0
3706,3706,0,1,8,0,0,0,100,0,0,4,1,1,5,0,0,0,12000,0,1,100,0,0,0,0,0,0,0,0,16 18,100 100,100 100,0,0,0,0,0,0,0
3707,3707,0,1,8,0,50,9,100,0,0,3,1,1,5,0,0,0,12000,0,1,100,0,0,0,0,0,0,0,0,23 25,0 0,100 100,0,0,0,0,0,0,0
3708,3708,0,1,8,0,0,0,100,0,0,3,1,1,5,0,0,0,12000,0,1,100,0,0,0,0,0,0,0,0,9 11,30 30,100 100,0,0,0,0,0,0,0
3709,3709,0,1,8,0,100,12,100,0,0,1,1,1,5,0,0,0,10000,0,1,100,0,0,0,0,0,0,0,0,0,0,0,0,0,0,0,16 17 18,0,0
3710,3710,0,1,15,0,0,0,100,0,0,2,1,1,5,0,0,0,5000,0,1,100,0,0,0,0,0,0,0,0,9,100,100,0,0,0,10 11,0,0,7115
3711,3711,0,1,15,0,0,0,100,0,0,2,1,1,5,0,0,0,8000,0,1,100,0,0,0,0,0,0,0,0,0,0,0,0,0,0,1 2 3 4 16 17 18 19,0,0,0
3712,3712,0,6,8,0,90,1,100,0,5,5,1,1,5,0,0,0,13000,5,1,100,1,30,0,0,0,0,0,0,0,0,0,0,0,0,0,0,0,7114
3713,3713,0,1,8,0,100,0,100,0,0,1,1,1,5,0,0,0,8000,0,0,100,0,0,0,0,0,0,0,0,0,0,0,0,0,0,0,0,0,0
3714,3714,0,11,8,0,0,0,100,0,0,1,1,1,5,0,0,20,15000,0,1,100,0,0,0,0,0,0,0,0,0,0,0,10 25,100 0,100 100,0,0,0,0
3715,3715,0,10,8,0,1000,12,100,0,0,2,1,1,5,0,0,20,8000,0,1,100,0,0,0,0,0,0,0,0,0,0,0,0,0,0,0,0,0,0
3716,3716,0,1,0,0,0,0,100,0,0,1,1,1,5,0,0,0,0,0,1,100,0,0,0,0,0,0,0,0,0,0,0,0,0,0,0,0,0,0
3717,3717,0,1,8,0,0,0,100,0,0,3,1,1,5,0,0,0,12000,0,1,100,0,0,0,0,0,0,0,0,14,90,100,0,0,0,0,0,0,0
3718,3718,0,1,15,0,0,0,100,0,0,2,1,1,5,0,0,0,0,0,1,100,0,0,0,0,0,0,0,0,10 11,100 100,100 100,0,0,0,0,0,0,0
3719,3719,0,1,8,0,0,0,100,0,0,1,1,1,5,0,0,0,8000,0,1,100,0,0,0,0,0,0,0,0,0,0,0,2 9 12,0 100 100,100 100 100,0,0,0,0
3720,3720,0,1,8,0,0,0,100,0,0,1,1,1,5,0,0,0,0,0,1,100,0,0,0,0,0,0,0,0,0,0,0,0,0,0,0,0,0,0
3721,3721,0,1,0,0,666,12,100,0,0,1,1,1,5,0,0,0,0,0,1,100,0,0,0,0,0,0,0,0,0,0,0,0,0,0,0,0,0,0
3722,3722,0,1,0,0,0,0,100,0,0,1,1,1,5,0,0,0,8000,0,1,100,0,0,0,0,0,0,0,0,0,0,0,0,0,0,0,0,0,0
3723,3723,0,1,8,0,0,0,100,0,0,1,1,1,5,0,0,0,10000,0,1,100,0,0,0,0,0,0,0,0,0,0,0,25,0,100,0,0,0,0
3724,3724,0,1,0,0,0,0,100,0,0,1,1,1,5,0,0,0,8000,0,1,100,0,0,0,0,0,0,0,0,0,0,0,0,0,0,0,0,0,0
3725,3725,0,1,8,0,0,0,100,0,0,1,1,1,5,0,0,0,0,0,1,100,0,0,0,0,0,0,0,0,0,0,0,9 11,100 100,100 100,0,0,0,0
3726,3726,0,1,8,0,3000,12,100,0,0,1,1,1,5,0,0,0,8000,0,1,100,0,0,0,0,0,0,0,0,0,0,0,0,0,0,0,0,0,0
3727,3727,0,1,8,0,105,1,100,6,8,4,1,1,5,0,0,0,0,5,0,100,1,5,0,0,0,0,0,0,0,0,0,0,0,0,0,0,0,0
3728,3728,0,1,8,0,105,1,100,9,2,4,1,1,5,0,0,0,0,5,0,100,1,5,0,0,0,0,0,0,0,0,0,0,0,0,0,0,0,0
3729,3729,0,1,8,0,110,1,100,0,0,4,1,1,5,0,0,0,0,5,1,100,1,5,0,0,0,0,0,0,0,0,0,0,0,0,0,0,0,0
3730,3730,0,1,8,0,0,0,100,6,0,1,1,1,5,0,0,0,0,5,1,100,0,0,0,0,0,0,0,0,0,0,0,10 11 12,100 100 100,100 100 100,0,0,0,0
3731,3731,0,1,8,0,0,0,100,9,0,1,1,1,5,0,0,0,0,5,1,100,0,0,0,0,0,0,0,0,0,0,0,10 11 12,50 50 50,100 100 100,0,0,0,0
3732,3732,0,1,8,0,0,0,100,0,0,1,1,1,5,0,0,0,0,5,1,100,0,0,0,0,0,0,0,0,0,0,0,10 11 12,30 30 30,100 100 100,0,0,0,0
3733,3733,0,1,15,0,0,0,100,0,0,3,1,1,5,0,0,0,0,5,1,100,0,0,0,0,0,0,0,0,9 11,100 100,100 100,0,0,0,0,0,0,0
3734,3734,0,1,15,0,0,0,100,0,0,3,1,1,5,0,0,0,0,5,1,100,0,0,0,0,0,0,0,0,26 12,0 100,100 100,0,0,0,0,0,0,0
3735,3735,0,1,15,0,0,0,100,0,0,2,1,1,5,0,0,0,8000,5,1,100,0,0,0,0,0,0,0,0,11 12,100 100,100 100,0,0,0,0,0,0,4053
3736,3736,0,1,15,0,0,0,100,0,0,2,1,1,5,0,0,0,8000,5,1,100,0,0,0,0,0,0,0,0,10 13 14,100 50 50,100 100 100,0,0,0,0,0,0,4054
3737,3737,0,1,15,0,0,0,100,0,0,3,1,1,5,0,0,0,8000,5,1,100,0,0,0,0,0,0,0,0,9 12,30 30,100 100,0,0,0,0,0,0,0
3738,3738,0,1,15,0,0,0,100,0,0,3,1,1,5,0,0,0,8000,5,1,100,0,0,0,0,0,0,0,0,9 12 26,100 100 0,100 100 100,0,0,0,0,0,0,0
3739,3739,0,1,8,0,20,9,100,0,0,1,1,1,5,0,0,0,8000,5,1,100,0,0,0,0,0,0,0,0,0,0,0,11 14,100 50,100 100,0,0,0,0
3740,3740,0,1,8,0,20,9,100,0,0,1,1,1,5,0,0,0,8000,5,1,100,0,0,0,0,0,0,0,0,0,0,0,9,100,100,0,0,0,0
3741,3741,0,1,8,0,20,9,100,0,0,1,1,1,5,0,0,0,8000,5,1,100,0,0,0,0,0,0,0,0,0,0,0,9 11,100 100,100 100,0,0,0,0
3742,3742,0,1,8,0,0,0,100,0,0,1,1,1,5,0,0,0,12000,5,1,100,0,0,0,0,0,0,0,0,0,0,0,9 20,100 0,100 100,0,0,0,0
3743,3743,0,1,8,0,0,0,100,0,0,5,1,1,5,0,0,0,0,5,1,100,0,0,0,0,0,0,0,0,0,0,0,9 17 26,100 50 0,100 100 100,10 20 21 22 25 27,0,0,0
3744,1371,0,4,10,0,150,7,150,0,3,4,1,1,5,0,0,0,12000,5,0,100,1,5,0,0,0,0,0,0,0,0,0,0,0,0,0,0,0,0
4000,4000,0,1,15,0,250,12,100,0,0,2,1,1,5,0,0,0,8000,0,1,100,0,0,0,0,0,0,0,0,0,0,0,0,0,0,0,0,0,0
4001,4001,0,1,15,0,750,12,100,0,0,2,1,1,5,0,0,0,8000,0,1,100,0,0,0,0,0,0,0,0,0,0,0,0,0,0,0,0,0,0
4002,4002,0,1,15,0,100,9,100,0,0,2,1,1,5,0,0,0,8000,0,1,100,0,0,0,0,0,0,0,0,0,0,0,0,0,0,0,0,0,0
4003,4003,0,1,15,0,500,12,100,0,0,3,1,1,5,0,0,0,8000,0,1,100,0,0,0,0,0,0,0,0,0,0,0,0,0,0,0,0,0,0
4004,4004,0,1,15,0,1000,12,100,0,0,3,1,1,5,0,0,0,8000,0,1,100,0,0,0,0,0,0,0,0,0,0,0,0,0,0,0,0,0,0
4005,4005,0,1,15,0,100,9,100,0,0,3,1,1,5,0,0,0,8000,0,1,100,0,0,0,0,0,0,0,0,0,0,0,0,0,0,0,0,0,0
4006,4006,0,1,15,0,30,13,100,0,0,2,1,1,5,0,0,0,8000,0,1,100,0,0,0,0,0,0,0,0,0,0,0,0,0,0,0,0,0,0
4007,4007,0,1,15,0,90,13,100,0,0,2,1,1,5,0,0,0,8000,0,1,100,0,0,0,0,0,0,0,0,0,0,0,0,0,0,0,0,0,0
4008,4008,0,1,15,0,100,10,100,0,0,2,1,1,5,0,0,0,8000,0,1,100,0,0,0,0,0,0,0,0,0,0,0,0,0,0,0,0,0,0
4009,4009,0,1,15,0,60,13,100,0,0,3,1,1,5,0,0,0,8000,0,1,100,0,0,0,0,0,0,0,0,0,0,0,0,0,0,0,0,0,0
4010,4010,0,1,15,0,100,10,100,0,0,3,1,1,5,0,0,0,8000,0,1,100,0,0,0,0,0,0,0,0,0,0,0,0,0,0,0,0,0,0
4011,4011,0,1,15,0,50,11,100,0,0,3,1,1,5,0,0,0,8000,0,1,100,0,0,0,0,0,0,0,0,0,0,0,0,0,0,0,0,0,0
4012,4012,0,1,15,0,100,11,100,0,0,3,1,1,5,0,0,0,8000,0,1,100,0,0,0,0,0,0,0,0,0,0,0,0,0,0,0,0,0,0
4013,4013,0,1,15,0,100,12,100,0,0,2,1,1,5,0,0,0,8000,0,1,100,0,0,0,0,0,0,0,0,0,0,0,0,0,0,1,0,0,0
4014,4014,0,1,15,0,100,12,100,0,0,2,1,1,5,0,0,0,8000,0,1,100,0,0,0,0,0,0,0,0,0,0,0,0,0,0,2,0,0,0
4015,4015,0,1,15,0,100,12,100,0,0,2,1,1,5,0,0,0,8000,0,1,100,0,0,0,0,0,0,0,0,0,0,0,0,0,0,3,0,0,0
4016,4016,0,1,15,0,100,12,100,0,0,2,1,1,5,0,0,0,8000,0,1,100,0,0,0,0,0,0,0,0,0,0,0,0,0,0,4,0,0,0
4017,4017,0,1,15,0,100,12,100,0,0,2,1,1,5,0,0,0,8000,0,1,100,0,0,0,0,0,0,0,0,0,0,0,0,0,0,5,0,0,0
4018,4018,0,1,15,0,100,12,100,0,0,2,1,1,5,0,0,0,8000,0,1,100,0,0,0,0,0,0,0,0,0,0,0,0,0,0,6,0,0,0
4019,4019,0,1,15,0,100,12,100,0,0,2,1,1,5,0,0,0,8000,0,1,100,0,0,0,0,0,0,0,0,0,0,0,0,0,0,7,0,0,0
4020,4020,0,1,15,0,100,12,100,0,0,2,1,1,5,0,0,0,8000,0,1,100,0,0,0,0,0,0,0,0,0,0,0,0,0,0,1 2 3 4 5 6 7 24,0,0,0
4021,4021,0,1,15,0,100,12,100,0,0,3,1,1,5,0,0,0,8000,0,1,100,0,0,0,0,0,0,0,0,0,0,0,0,0,0,1 2 3 4 5 6 7 24,0,0,0
4022,4022,0,1,15,0,50,14,100,0,0,8,1,1,5,0,0,0,8000,0,1,100,0,0,0,0,0,0,0,0,0,0,0,0,0,0,0,0,0,0
4023,4023,0,1,15,0,100,14,100,0,0,8,1,1,5,0,0,0,8000,0,1,100,0,0,0,0,0,0,0,0,0,0,0,0,0,0,0,0,0,0
4024,4024,0,1,15,0,100,14,100,0,0,9,1,1,5,0,0,0,8000,0,1,100,0,0,0,0,0,0,0,0,0,0,0,0,0,0,0,0,0,0
4025,4025,0,1,15,0,0,0,100,0,0,2,1,1,5,0,0,0,8000,0,1,100,0,0,0,0,0,0,0,0,9,20,100,0,0,0,0,0,0,0
4026,4026,0,1,15,0,0,0,100,0,0,2,1,1,5,0,0,0,8000,0,1,100,0,0,0,0,0,0,0,0,10,20,100,0,0,0,0,0,0,0
4027,4027,0,1,15,0,0,0,100,0,0,2,1,1,5,0,0,0,8000,0,1,100,0,0,0,0,0,0,0,0,11,20,100,0,0,0,0,0,0,0
4028,4028,0,1,15,0,0,0,100,0,0,2,1,1,5,0,0,0,8000,0,1,100,0,0,0,0,0,0,0,0,12,20,100,0,0,0,0,0,0,0
4029,4029,0,1,15,0,0,0,100,0,0,2,1,1,5,0,0,0,8000,0,1,100,0,0,0,0,0,0,0,0,13,20,100,0,0,0,0,0,0,0
4030,4030,0,1,15,0,0,0,100,0,0,2,1,1,5,0,0,0,8000,0,1,100,0,0,0,0,0,0,0,0,14,20,100,0,0,0,0,0,0,0
4031,4031,0,1,15,0,0,0,100,0,0,2,1,1,5,0,0,0,8000,0,1,100,0,0,0,0,0,0,0,0,15,20,100,0,0,0,0,0,0,0
4032,4032,0,1,15,0,0,0,100,0,0,1,1,1,5,0,0,0,8000,0,1,100,0,0,0,0,0,0,0,0,0,0,0,0,0,0,0,0,0,0
4033,4033,0,1,18,0,100,12,100,0,0,3,1,1,5,0,0,0,0,0,1,100,0,0,0,0,0,0,0,0,0,0,0,0,0,0,1 2 3 4 5 6 7 24,0,0,0
4034,4034,0,1,18,0,0,0,100,0,0,3,1,1,5,0,0,0,0,0,1,100,0,0,0,0,0,0,0,0,9 10,30 30,100 100,0,0,0,0,0,0,0
4035,4035,0,1,18,0,30,9,100,0,0,3,1,1,5,0,0,0,0,0,1,100,0,0,0,0,0,0,0,0,0,0,0,0,0,0,0,0,0,0
4036,4036,0,1,15,0,0,0,100,0,0,2,1,1,5,0,0,0,8000,0,1,100,0,0,0,0,0,0,0,0,1 9 10 11 12,0 30 30 30 30,100 100 100 100 100,0,0,0,0,0,0,0
4037,4037,0,1,15,0,100,11,100,0,0,3,1,1,5,0,0,0,8000,0,1,100,0,0,0,0,0,0,0,0,0,0,0,0,0,0,1 2 3 4 5 6 7 24,0,0,0
4038,4038,0,1,15,0,0,0,100,0,0,2,1,1,5,0,0,0,8000,0,1,100,0,0,0,0,0,0,0,0,9 14,50 50,100 100,0,0,0,0,0,0,0
4039,4039,0,1,17,0,100,11,100,0,0,3,1,1,5,0,0,0,0,0,1,100,0,0,0,0,0,0,0,0,0,0,0,0,0,0,1 2 3 4 5 6 7 24,0,0,0
4040,4040,0,1,17,0,0,0,100,0,0,3,1,1,5,0,0,0,0,0,1,100,0,0,0,0,0,0,0,0,9 10,50 50,100 100,0,0,0,0,0,0,0
4041,4034,0,1,18,0,0,0,100,0,0,3,1,1,5,0,0,0,12000,0,1,100,0,0,0,0,0,0,0,0,9 10,30 30,100 100,0,0,0,0,0,0,0
4042,4035,0,1,18,0,30,9,100,0,0,3,1,1,5,0,0,0,12000,0,1,100,0,0,0,0,0,0,0,0,0,0,0,0,0,0,0,0,0,0
4043,4043,0,1,15,0,100,11,100,0,0,2,1,1,5,0,0,0,8000,0,1,100,0,0,0,0,0,0,0,0,0,0,0,0,0,0,0,0,0,0
4044,4044,0,1,15,0,100,11,100,0,0,2,1,1,5,0,0,0,8000,0,1,100,0,0,0,0,0,0,0,0,0,0,0,0,0,0,0,0,0,0
4045,4045,0,1,15,0,100,11,100,0,0,2,1,1,5,0,0,0,8000,0,1,100,0,0,0,0,0,0,0,0,0,0,0,0,0,0,0,0,0,0
4046,4046,0,1,15,0,100,11,100,0,0,2,1,1,5,0,0,0,8000,0,1,100,0,0,0,0,0,0,0,0,0,0,0,0,0,0,0,0,0,0
4047,4047,0,1,15,0,100,11,100,0,0,2,1,1,5,0,0,0,8000,0,1,100,0,0,0,0,0,0,0,0,0,0,0,0,0,0,0,0,0,0
4048,4048,0,1,15,0,100,11,100,0,0,2,1,1,5,0,0,0,8000,0,1,100,0,0,0,0,0,0,0,0,0,0,0,0,0,0,0,0,0,0
4049,4049,0,1,15,0,100,11,100,0,0,2,1,1,5,0,0,0,8000,0,1,100,0,0,0,0,0,0,0,0,0,0,0,0,0,0,0,0,0,0
4050,4050,0,1,15,0,100,11,100,0,0,2,1,1,5,0,0,0,8000,0,1,100,0,0,0,0,0,0,0,0,0,0,0,0,0,0,0,0,0,0
4051,4051,0,1,15,0,100,11,100,0,0,2,1,1,5,0,0,0,8000,0,1,100,0,0,0,0,0,0,0,0,0,0,0,0,0,0,0,0,0,0
4052,4052,0,1,15,0,100,11,100,0,0,2,1,1,5,0,0,0,8000,0,1,100,0,0,0,0,0,0,0,0,0,0,0,0,0,0,0,0,0,0
4053,4053,0,1,15,0,100,11,100,0,0,2,1,1,5,0,0,0,8000,0,1,100,0,0,0,0,0,0,0,0,0,0,0,0,0,0,0,0,0,0
4054,4054,0,1,15,0,100,11,100,0,0,2,1,1,5,0,0,0,8000,0,1,100,0,0,0,0,0,0,0,0,0,0,0,0,0,0,0,0,0,0
4055,4055,0,1,15,0,100,11,100,0,0,2,1,1,5,0,0,0,8000,0,1,100,0,0,0,0,0,0,0,0,0,0,0,0,0,0,0,0,0,0
4056,4056,0,1,15,0,100,11,100,0,0,2,1,1,5,0,0,0,8000,0,1,100,0,0,0,0,0,0,0,0,0,0,0,0,0,0,0,0,0,0
4057,4057,0,1,15,0,100,11,100,0,0,2,1,1,5,0,0,0,8000,0,1,100,0,0,0,0,0,0,0,0,0,0,0,0,0,0,0,0,0,0
4058,4035,0,10,15,0,50,9,100,0,0,2,1,1,5,0,0,0,12000,0,1,100,0,0,0,0,0,0,0,0,0,0,0,0,0,0,0,0,0,0
4059,4059,0,5,9,0,115,1,150,0,4,5,1,1,5,2,50,20,12000,5,1,100,1,5,0,0,0,0,0,0,0,0,0,0,0,0,0,0,0,0
5000,5000,0,1,7,0,50,1,100,0,0,4,1,1,5,0,0,0,10000,0,0,100,1,5,0,0,0,0,0,0,0,0,0,0,0,0,0,0,0,0
6000,6000,0,1,9,0,300,3,100,0,0,4,1,1,5,0,0,0,12000,5,0,100,1,5,0,0,0,0,0,0,0,0,0,0,0,0,0,0,3090 3090,0
6001,6001,0,1,9,0,70,1,100,0,0,4,1,1,5,0,0,0,12000,5,0,100,1,5,0,0,10,0,0,0,0,0,0,0,0,0,0,0,0,0
6002,6002,0,1,9,0,80,2,100,0,0,4,1,1,5,0,0,0,12000,5,0,100,1,5,0,0,10,0,0,0,0,0,0,0,0,0,0,0,0,0
6003,6003,0,1,9,0,80,1,100,0,0,4,1,1,5,0,0,0,12000,5,0,100,1,5,0,0,0,0,0,0,8,0,30,0,0,0,0,0,5000 3068 3090,0
6004,6004,0,1,10,0,200,4,100,0,0,5,1,1,5,0,0,0,20000,5,0,100,1,5,0,0,20,0,0,0,4,0,100,0,0,0,0,0,3531 3092 3071,8022
6005,6005,0,1,9,0,130,1,100,0,0,4,1,1,5,0,0,0,12000,5,0,100,1,5,0,0,0,0,-100,0,16,10,100,9,10,100,0,0,0,0
6006,6006,0,1,10,0,200,3,100,0,0,5,1,1,5,0,0,0,20000,5,0,100,1,5,0,0,20,0,0,0,0,0,0,0,0,0,0,9,0,0
6007,6007,0,1,9,0,50,6,100,0,0,5,1,1,5,0,0,0,12000,0,0,100,0,0,0,0,100,0,0,0,0,0,0,0,0,0,0,0,0,0
6008,6008,0,1,10,0,50,15,100,0,0,5,1,1,5,0,0,0,20000,0,0,100,0,0,0,0,0,0,0,0,0,0,0,0,0,0,0,0,0,0
6009,6009,0,1,9,0,100,1,100,0,0,4,1,1,5,0,0,0,12000,5,0,100,1,5,0,0,0,0,0,0,0,0,0,0,0,0,0,0,0,0
6010,6010,0,5,9,0,270,1,100,0,4,4,1,1,5,0,0,0,12000,5,0,100,1,5,0,0,0,0,0,0,0,0,0,0,0,0,0,0,0,0
6011,6011,0,1,9,0,50,5,100,0,0,5,1,1,5,0,0,0,12000,5,0,100,1,5,5,0,0,0,0,0,0,0,0,0,0,0,0,0,0,0
6012,6012,0,2,10,0,130,1,100,0,1,5,1,1,5,0,0,0,12000,5,0,100,1,5,0,100,0,0,0,0,0,0,0,0,0,0,0,9 15,3534 6010,0
6013,6013,0,3,9,0,70,1,100,0,0,4,1,1,5,0,0,0,12000,5,0,100,1,5,0,0,10,0,0,0,0,0,0,0,0,0,0,0,3635,0
6014,6014,0,1,9,0,80,2,100,0,0,4,1,1,5,0,0,0,12000,5,0,100,1,5,0,0,15,0,0,0,0,0,0,0,0,0,0,0,3636,0
6015,6015,0,1,9,0,30,1,100,0,8,4,4,4,5,0,0,0,12000,5,0,100,1,5,0,0,0,0,0,0,0,0,0,12,20,30,0,0,3506,0
6016,6016,0,1,10,0,300,3,100,0,1,4,1,1,5,0,0,0,12000,5,0,100,1,5,0,0,0,0,0,0,5,0,30,0,0,0,0,0,3509,0
6017,6017,0,1,9,0,450,1,100,0,0,4,1,1,5,0,0,0,12000,5,0,100,1,5,0,0,0,0,0,0,0,0,0,0,0,0,0,0,3091 3091,0
6018,6018,0,1,9,0,300,4,100,0,0,4,1,1,5,0,0,0,12000,5,0,100,1,5,0,0,0,0,0,0,0,0,0,0,0,0,0,0,3092 3092,0
6019,6019,0,1,9,0,450,2,100,0,0,4,1,1,5,0,0,0,12000,5,0,100,1,5,0,0,0,0,0,0,0,0,0,0,0,0,0,0,3093 3093,0
6020,6020,0,7,9,0,220,1,100,0,6,5,1,1,5,0,0,0,12000,5,0,100,1,5,20,0,0,0,0,0,0,0,0,0,0,0,0,0,0,0
6021,6021,0,2,10,0,110,1,100,0,1,4,2,2,5,0,0,0,12000,5,0,100,1,5,0,0,100,0,0,0,0,0,0,0,0,0,0,0,6020,0
6022,6022,0,9,9,0,80,2,100,0,8,5,1,1,5,0,0,0,12000,5,0,100,1,5,0,0,20,0,0,0,0,0,0,0,0,0,0,11 16 17 19,3522,0
6023,6023,0,9,9,0,80,2,100,0,8,5,1,1,5,0,0,0,12000,5,0,100,1,5,0,0,20,0,0,0,0,0,0,0,0,0,0,16 17 19,3522,0
6024,6024,0,9,9,0,0,0,100,0,8,5,1,1,1,0,0,0,10000,5,1,100,0,0,0,0,0,0,0,0,0,0,0,0,0,0,0,0,0,0
6025,6025,0,5,9,0,270,1,100,0,4,4,1,1,5,0,0,0,12000,5,0,100,1,5,0,0,0,0,0,0,0,0,0,0,0,0,0,9 15,3534 6026,0
6026,6026,0,2,10,0,130,1,100,0,1,5,1,1,5,0,0,25,12000,5,0,100,1,5,0,100,0,0,0,0,0,0,0,0,0,0,0,0,0,0
6027,6027,0,8,9,0,100,5,100,0,7,4,1,1,5,0,0,0,0,5,1,100,1,5,0,0,0,0,0,0,0,0,0,0,0,0,0,0,0,0
6028,6028,0,8,9,0,130,1,100,0,7,4,1,1,5,0,0,0,12000,5,0,100,1,5,0,0,0,0,0,0,5,0,50,0,0,0,0,0,3135,0
6029,6029,0,2,9,0,1150,1,100,0,1,5,1,1,5,0,0,0,14000,5,0,100,1,5,0,0,0,0,0,0,0,0,0,0,0,0,0,0,0,0
6030,6030,0,8,9,0,200,1,100,0,7,5,1,1,5,0,0,0,12000,5,1,100,1,5,0,0,0,0,0,0,0,0,0,12,10,100,0,0,3559,0
6031,6031,0,1,9,0,90,1,100,0,0,5,3,3,5,0,0,0,0,5,0,100,1,5,0,0,0,0,0,0,0,0,0,0,0,0,0,0,0,0
6032,6032,0,2,9,0,650,1,100,0,1,4,2,2,5,0,0,0,12000,5,0,100,1,100,100,0,0,0,0,0,0,0,0,0,0,0,0,0,0,0
6033,6033,0,2,9,0,180,2,100,0,1,5,1,1,5,0,0,0,13000,5,0,100,1,5,0,0,0,0,0,0,0,0,0,0,0,0,0,0,0,0
6034,6034,0,2,9,0,360,2,100,0,1,5,1,1,5,0,0,0,13000,5,0,100,1,5,3,0,0,0,0,0,0,0,0,28,0,100,0,0,0,0
6035,6035,0,2,9,0,720,2,100,0,1,5,1,1,5,0,0,0,13000,5,0,100,1,5,5,0,0,0,0,0,0,0,0,19 28,10 0,100 100,0,0,0,0
6036,6036,0,3,9,0,145,1,100,0,2,4,1,1,5,0,0,0,0,5,0,100,1,5,0,0,0,0,0,0,8,0,100,0,0,0,0,0,0,0
6037,6037,0,9,9,0,20,1,100,0,8,4,8,8,5,0,0,0,12000,5,0,90,1,5,0,0,25,0,0,0,0,0,0,0,0,0,0,0,0,0
6038,6038,0,2,9,0,140,1,100,0,1,4,4,4,5,0,0,0,8000,5,0,100,1,5,0,0,0,0,0,0,0,0,0,0,0,0,0,0,0,0
6039,6039,0,1,9,0,110,1,100,0,0,4,5,5,5,0,0,0,8000,5,0,100,1,5,0,0,0,0,0,0,0,0,0,0,0,0,0,0,0,0
6040,6040,0,1,9,0,300,1,100,0,0,5,1,1,5,0,0,0,12000,5,0,100,1,5,0,0,0,0,0,0,6,0,10,0,0,0,0,0,0,0
6041,6041,0,1,9,0,10000,4,100,0,0,5,1,1,5,0,0,0,12000,5,0,100,1,5,0,0,0,0,0,0,0,0,0,2,0,100,0,0,0,0
6042,6042,0,3,10,0,130,2,100,0,2,2,1,1,5,0,0,0,0,5,1,100,1,5,0,0,0,0,0,0,0,0,0,0,0,0,0,0,0,0
6043,6043,0,9,9,0,140,1,100,0,8,2,1,1,5,0,0,0,0,5,1,100,1,5,0,0,0,0,0,0,0,0,0,0,0,0,0,0,0,0
6044,6044,0,2,9,0,80,1,100,0,1,4,3,3,5,2,50,0,12000,5,0,100,1,5,0,0,0,0,0,0,0,0,0,0,0,0,0,0,0,0
6045,6045,0,3,9,0,500,1,100,0,2,4,1,1,5,0,0,0,12000,5,0,100,1,5,0,0,0,0,0,0,0,0,0,11,10,10,0,0,0,0
6046,6046,0,1,9,0,390,1,100,0,0,4,1,1,5,2,50,20,12000,5,0,100,1,5,0,0,0,0,0,0,2,0,15,0,0,0,0,0,0,0
6047,6047,0,1,9,0,0,1,100,0,0,5,1,1,5,2,50,15,12000,0,0,30,0,0,0,0,0,0,0,0,8,0,100,0,0,0,0,0,0,0
6048,6048,0,9,9,0,300,4,100,0,8,4,1,1,5,2,50,50,12000,5,0,100,1,5,0,0,0,0,0,0,1,0,35,0,0,0,0,0,0,0
6049,6049,0,9,9,0,300,3,100,0,8,4,1,1,5,2,50,60,12000,5,0,100,1,5,0,0,0,0,0,0,0,0,0,0,0,0,0,0,0,0
6050,6050,0,1,9,0,100,3,100,0,0,5,1,1,5,0,0,0,18000,5,0,100,0,0,0,0,0,0,0,0,0,0,0,0,0,0,0,0,0,0
6051,6051,0,1,9,0,200,3,100,0,0,5,1,1,5,0,0,0,18000,5,0,100,0,0,0,0,0,0,0,0,0,0,0,0,0,0,0,0,0,0
6052,6052,0,1,9,0,300,3,100,0,0,5,1,1,5,0,0,0,18000,5,0,100,0,0,0,0,0,0,0,0,0,0,0,0,0,0,0,0,0,0
6053,6053,0,1,9,0,400,3,100,0,0,5,1,1,5,0,0,0,18000,5,0,100,0,0,0,0,0,0,0,0,0,0,0,0,0,0,0,0,0,0
6054,6054,0,1,9,0,30,5,100,0,0,5,1,1,5,0,0,0,18000,0,0,100,0,0,0,0,0,0,0,0,0,0,0,0,0,0,0,0,0,0
6055,6055,0,1,9,0,50,5,100,0,0,5,1,1,5,0,0,0,18000,0,0,100,0,0,0,0,0,0,0,0,0,0,0,0,0,0,0,0,0,0
6056,6056,0,1,9,0,60,5,100,0,0,5,1,1,5,0,0,0,18000,0,0,100,0,0,0,0,0,0,0,0,0,0,0,0,0,0,0,0,0,0
6057,6057,0,1,9,0,90,5,100,0,0,5,1,1,5,0,0,0,18000,0,0,100,0,0,0,0,0,0,0,0,0,0,0,0,0,0,0,0,0,0
6058,6058,0,1,9,0,20,1,100,0,0,4,9,9,5,0,0,0,12000,5,0,100,0,0,0,0,0,0,0,0,0,0,0,0,0,0,0,0,0,0
6059,6059,0,1,10,0,100,2,100,0,0,5,1,1,5,0,0,0,12000,5,0,100,0,0,0,0,0,0,0,0,0,0,0,0,0,0,0,0,0,0
6060,6060,0,1,9,0,100,4,100,0,0,5,1,1,5,0,0,0,12000,5,0,100,0,0,0,0,0,0,0,0,0,0,0,0,0,0,0,0,0,0
6061,6061,0,1,9,0,100,4,100,0,0,5,1,1,5,0,0,0,12000,5,0,100,0,0,0,0,0,0,0,0,0,0,0,0,0,0,0,0,3686,0
6062,6062,0,1,10,0,200,4,100,0,0,5,1,1,5,0,0,0,12000,30,0,100,0,0,0,0,0,0,0,0,0,0,0,0,0,0,0,0,0,0
6063,6063,0,1,10,0,2,2,100,0,0,5,1,1,5,0,0,0,12000,5,0,100,0,0,0,0,0,0,0,0,2 4 24,0 0 0,30 30 30,0,0,0,0,0,0,0
6064,6064,0,1,20,0,150,2,100,0,0,5,1,1,5,0,0,0,12000,5,0,100,0,0,0,0,0,0,0,0,0,0,0,0,0,0,0,0,0,0
6065,6065,0,1,20,0,300,5,100,0,0,5,1,1,5,0,0,0,18000,5,1,100,0,0,0,0,0,0,0,0,0,0,0,0,0,0,0,0,0,0
6066,6066,0,6,9,0,150,1,200,0,5,4,1,1,5,2,50,10,12000,5,1,100,1,30,0,0,0,0,0,0,5,0,100,0,0,0,0,0,0,0
6067,6067,0,11,9,0,0,0,100,0,3,5,1,1,5,0,0,30,10000,0,1,100,0,0,0,0,0,0,0,0,3,0,100,0,0,0,0,0,0,0
6068,6068,0,11,9,0,130,1,100,0,3,5,1,1,5,0,0,10,11000,5,0,100,1,5,0,0,0,0,0,0,1 2 3 4 5 6 7,0 0 0 0 0 0 0,20 20 20 20 20 20 20,0,0,0,0,0,0,0
6069,6069,0,11,10,0,0,0,100,0,8,5,1,1,5,0,0,0,0,0,1,100,0,0,0,0,0,0,0,0,17,30,100,0,0,0,0,0,0,0
6070,6070,0,3,9,0,0,0,100,0,2,5,1,1,5,0,0,0,15000,0,1,100,0,0,0,0,0,0,0,0,0,0,0,0,0,0,0,0,0,0
6071,6071,0,3,9,0,150,2,150,0,2,5,1,1,5,0,0,0,12000,5,1,100,1,30,0,0,50,0,0,0,0,0,0,0,0,0,0,0,0,0
6072,6072,0,11,10,0,0,0,100,0,8,5,1,1,5,0,0,0,12000,5,1,100,0,0,0,0,0,0,0,0,2 7 16 17 18,0 0 100 100 100,100 30 30 30 30,0,0,0,0,0,0,0
6073,6073,0,3,9,0,100,2,150,0,2,5,1,1,5,0,0,0,12000,5,1,100,1,30,0,0,20,0,0,0,3 8,0 0,100 15,0,0,0,0,0,0,0
6074,6074,0,3,9,0,130,1,200,0,1,5,1,1,5,2,50,20,18000,5,0,100,1,30,0,0,0,0,0,0,0,0,0,0,0,0,0,0,0,0
6075,6009,0,1,9,0,360,1,100,0,0,4,1,1,5,0,0,0,12000,5,0,100,1,5,0,0,0,0,0,0,0,0,0,0,0,0,0,0,0,0
8000,8000,0,1,7,0,50,1,100,0,0,4,1,1,5,0,0,0,10000,0,0,100,0,0,0,0,0,0,0,0,0,0,0,0,0,0,0,0,0,0
8001,8001,0,1,8,0,50,2,100,0,0,4,1,1,5,0,0,0,10000,0,0,100,0,0,0,0,0,0,0,0,0,0,0,0,0,0,0,0,0,0
8002,8002,0,1,7,0,100,3,100,0,0,4,1,1,5,0,0,0,10000,0,0,100,0,0,0,0,0,0,0,0,0,0,0,0,0,0,0,0,0,0
8003,8003,0,1,8,0,100,4,100,0,0,4,1,1,5,0,0,0,10000,0,0,100,0,0,0,0,0,0,0,0,0,0,0,0,0,0,0,0,0,0
8004,8004,0,1,7,0,50,5,100,0,0,4,1,1,5,0,0,0,10000,0,0,100,0,0,0,0,0,0,0,0,0,0,0,0,0,0,0,0,0,0
8005,8005,0,1,8,0,50,6,100,0,0,4,1,1,5,0,0,0,10000,0,0,100,0,0,0,0,0,0,0,0,0,0,0,0,0,0,0,0,0,0
8006,8006,0,1,7,0,50,7,100,0,0,4,1,1,5,0,0,0,10000,0,0,100,0,0,0,0,0,0,0,0,0,0,0,0,0,0,0,0,0,0
8007,8007,0,1,8,0,50,8,100,0,0,4,1,1,5,0,0,0,10000,0,0,100,0,0,0,0,0,0,0,0,0,0,0,0,0,0,0,0,0,0
8008,8008,0,1,8,0,50,9,100,0,0,4,1,1,5,0,0,0,10000,0,0,100,0,0,0,0,0,0,0,0,0,0,0,0,0,0,0,0,0,0
8009,8009,0,1,8,0,50,10,100,0,0,4,1,1,5,0,0,0,10000,0,0,100,0,0,0,0,0,0,0,0,0,0,0,0,0,0,0,0,0,0
8010,8010,0,1,8,0,50,12,100,0,0,4,1,1,5,0,0,0,10000,0,0,100,0,0,0,0,0,0,0,0,0,0,0,0,0,0,0,0,0,0
8011,8011,0,1,8,0,50,12,100,0,0,4,1,1,5,0,0,0,10000,0,0,100,0,0,0,0,0,0,0,0,0,0,0,0,0,0,0,0,0,0
8012,8012,0,1,8,0,50,13,100,0,0,4,1,1,5,0,0,0,10000,0,0,100,0,0,0,0,0,0,0,0,0,0,0,0,0,0,0,0,0,0
8013,8013,0,1,8,0,50,14,100,0,0,8,1,1,5,0,0,0,10000,0,0,100,0,0,0,0,0,0,0,0,0,0,0,0,0,0,0,0,0,0
8014,8014,0,1,7,0,50,15,100,0,0,4,1,1,5,0,0,0,10000,0,0,100,0,0,0,0,0,0,0,0,0,0,0,0,0,0,0,0,0,0
8015,8015,0,0,7,0,100,5,100,0,0,5,1,1,5,0,0,0,0,0,1,0,0,0,0,0,0,0,0,0,0,0,0,0,0,0,0,0,0,0
8016,8016,0,0,7,0,1,7,100,0,0,5,1,1,5,0,0,0,0,0,1,0,0,0,0,0,0,0,0,0,1 2 3 4 5 6 7 9 10 11 12 13 14 15 16 17 18 19 20 21 22 23 24 25 26 27,0 0 0 0 0 0 0 0 0 0 0 0 0 0 0 0 0 0 0 0 0 0 0 0 0 0,100 100 100 100 100 100 100 100 100 100 100 100 100 100 100 100 100 100 100 100 100 100 100 100 100 100,0,0,0,0,0,0,0
8017,8017,0,0,7,0,1,7,100,0,0,5,1,1,5,0,0,0,0,0,1,0,0,0,0,0,0,0,0,0,8,0,100,0,0,0,0,0,0,0
8018,8018,0,0,7,0,100,5,100,0,0,2,1,1,5,0,0,0,0,0,1,0,0,0,0,0,0,0,0,0,0,0,0,0,0,0,0,0,0,0
8019,8019,0,0,7,0,1,1,100,0,0,4,1,1,5,1,1,0,10000,0,1,100,1,100,0,0,0,0,0,0,0,0,0,0,0,0,0,0,0,0
8020,8020,0,0,7,0,1,1,100,0,0,5,2,2,5,1,1,0,10000,0,1,100,1,100,0,0,0,0,0,0,0,0,0,0,0,0,0,0,0,0
